analysis_role,region_vantage,case_id,model_id,family_id,tier_id,position_id,repeat,failure_stage,http_status,finish_reason,grader_errors,stream_error_class,error_class,raw_response_sha256
india_latency_validation,ap-south-1,deepseek-v4-long-context-retrieval-v1.1.0:deepseek-v4-flash:single_record:950k:beginning:r3,deepseek-v4-flash,single_record,950k,beginning,3,strict_exact_match,200,stop,wrong_value:checksum,,,ebee9101cdab53108345d8604b6c07214f8e0aabace2195608a75dd0ea73220b
india_latency_validation,ap-south-1,deepseek-v4-long-context-retrieval-v1.1.0:deepseek-v4-flash:single_record:950k:end:r1,deepseek-v4-flash,single_record,950k,end,1,strict_exact_match,200,stop,wrong_value:alpha|wrong_value:gamma|wrong_value:quantity|wrong_value:checksum,,,75b3be372f0933420a8b209f0647c6dd74ab8c93d670952aa919f0af557a7d6f
india_latency_validation,ap-south-1,deepseek-v4-long-context-retrieval-v1.1.0:deepseek-v4-flash:single_record:950k:end:r2,deepseek-v4-flash,single_record,950k,end,2,strict_exact_match,200,stop,wrong_value:alpha|wrong_value:beta|wrong_value:gamma|wrong_type:quantity|wrong_value:checksum,,,f61440018419a47caed430fd8c6af623b3067b4894e2f1059c627c36979fae0e
india_latency_validation,ap-south-1,deepseek-v4-long-context-retrieval-v1.1.0:deepseek-v4-flash:single_record:950k:end:r3,deepseek-v4-flash,single_record,950k,end,3,strict_exact_match,200,stop,wrong_value:alpha|wrong_value:beta|wrong_value:quantity|wrong_value:checksum,,,5b660d61424fd386581f84d99b6212455e137be1770d70f33124b6b2850b8f8b
india_latency_validation,ap-south-1,deepseek-v4-long-context-retrieval-v1.1.0:deepseek-v4-flash:single_record:950k:middle:r1,deepseek-v4-flash,single_record,950k,middle,1,strict_exact_match,200,stop,wrong_value:alpha|wrong_value:beta|wrong_value:gamma|wrong_value:quantity|wrong_value:checksum,,,342a40c088adb531ea402f2a7d537f3e53450483a6233581ea937fbfd1bb9e80
india_latency_validation,ap-south-1,deepseek-v4-long-context-retrieval-v1.1.0:deepseek-v4-flash:single_record:950k:middle:r2,deepseek-v4-flash,single_record,950k,middle,2,strict_exact_match,200,stop,wrong_value:checksum,,,22dfc9b478fe3c841606136b8cf9a7050ecfe66739b4641bf71842a7bf5685f8
india_latency_validation,ap-south-1,deepseek-v4-long-context-retrieval-v1.1.0:deepseek-v4-pro:single_record:950k:end:r2,deepseek-v4-pro,single_record,950k,end,2,strict_exact_match,200,stop,wrong_type:quantity,,,171d8d159e8063534d1c5d9227e87352aae98651d8a7ff2176d84aedb47fa2b7
india_latency_validation,ap-south-1,deepseek-v4-long-context-retrieval-v1.1.0:deepseek-v4-pro:single_record:950k:middle:r1,deepseek-v4-pro,single_record,950k,middle,1,strict_exact_match,200,stop,wrong_value:alpha|wrong_value:beta|wrong_type:quantity|wrong_value:checksum,,,9a20ae321ec6bb58e5a1a6873ab92e3376e5f721eb6fd5208137f2b6028c5073
india_latency_validation,ap-south-1,deepseek-v4-long-context-retrieval-v1.1.0:deepseek-v4-pro:single_record:950k:middle:r2,deepseek-v4-pro,single_record,950k,middle,2,strict_exact_match,200,stop,wrong_type:quantity,,,086a503ff1a5c220a4e4b81d28f47601b2d632e7206a8c56fb8abba874de1f39
india_latency_validation,ap-south-1,deepseek-v4-long-context-retrieval-v1.1.0:deepseek-v4-pro:single_record:950k:middle:r3,deepseek-v4-pro,single_record,950k,middle,3,strict_exact_match,200,stop,wrong_value:checksum,,,9f5c42f935b408ecc692286a8aca372a2f2933e11d029b3cd52ce23fd73ba775
pilot_excluded,ap-south-1,deepseek-v4-long-context-retrieval-v1.1.0:deepseek-v4-flash:multi_hop_join:32k:middle:r1:pilot:ap-south-1:892069766f9c93f4,deepseek-v4-flash,multi_hop_join,32k,middle,1,strict_exact_match,200,stop,wrong_value:alpha|wrong_value:beta|wrong_value:gamma|wrong_value:quantity|wrong_value:checksum,,,a8f22f21495f05c98c397519fd6d35233a7e48daae9ad032f3860a416031b96b
pilot_excluded,ap-south-1,deepseek-v4-long-context-retrieval-v1.1.0:deepseek-v4-flash:single_record:950k:middle:r1:pilot:ap-south-1:e3c669a2f8bc4070,deepseek-v4-flash,single_record,950k,middle,1,strict_exact_match,200,stop,wrong_value:alpha|wrong_value:beta|wrong_value:gamma|wrong_value:quantity|wrong_value:checksum,,,d55d0459205707d720d19dac8ba5b48c179bbc2d5d499d8bc8ecc7def7aca194
pilot_excluded,ap-south-1,deepseek-v4-long-context-retrieval-v1.1.0:deepseek-v4-pro:multi_hop_join:32k:middle:r1:pilot:ap-south-1:892069766f9c93f4,deepseek-v4-pro,multi_hop_join,32k,middle,1,strict_exact_match,200,stop,wrong_value:alpha|wrong_value:beta|wrong_value:gamma|wrong_type:quantity|wrong_value:checksum,,,91d979f130fea8c2595b275d4e88f2552ba93aca8916cb790760104d803d95ff
pilot_excluded,ap-south-1,deepseek-v4-long-context-retrieval-v1.1.0:deepseek-v4-pro:single_record:950k:middle:r1:pilot:ap-south-1:e3c669a2f8bc4070,deepseek-v4-pro,single_record,950k,middle,1,strict_exact_match,200,stop,wrong_value:alpha|wrong_value:beta|wrong_value:gamma|wrong_type:quantity|wrong_value:checksum,,,80627ddc20888abf990bdf16dd64f35107ad56529f2da35bbe4da6e4318a6bb4
pilot_excluded,us-east-1,deepseek-v4-long-context-retrieval-v1.1.0:deepseek-v4-flash:multi_hop_join:32k:middle:r1:pilot:us-east-1:4ad37986d49d1705,deepseek-v4-flash,multi_hop_join,32k,middle,1,strict_exact_match,200,stop,wrong_value:alpha|wrong_value:beta|wrong_value:gamma|wrong_value:quantity|wrong_value:checksum,,,796ab72bf39803fe65db2ba9b2abc31ee80c2e5427d6fbaf2a945eb2abb821b0
pilot_excluded,us-east-1,deepseek-v4-long-context-retrieval-v1.1.0:deepseek-v4-flash:single_record:950k:middle:r1:pilot:us-east-1:7d5cc0a363efff04,deepseek-v4-flash,single_record,950k,middle,1,strict_exact_match,200,stop,wrong_value:alpha|wrong_value:beta|wrong_value:gamma|wrong_value:quantity|wrong_value:checksum,,,3c4b7c9f7004db88ea37100e065c16f034460321e23627d6f00478f415e5bf11
pilot_excluded,us-east-1,deepseek-v4-long-context-retrieval-v1.1.0:deepseek-v4-pro:multi_hop_join:32k:middle:r1:pilot:us-east-1:4ad37986d49d1705,deepseek-v4-pro,multi_hop_join,32k,middle,1,strict_exact_match,200,stop,wrong_value:alpha|wrong_value:beta|wrong_value:gamma|wrong_type:quantity|wrong_value:checksum,,,8299b3ef8064e24c8a0c4327e5ee28717bef804459a82c6642fcdb4a95bf51a3
pilot_excluded,us-east-1,deepseek-v4-long-context-retrieval-v1.1.0:deepseek-v4-pro:single_record:950k:middle:r1:pilot:us-east-1:7d5cc0a363efff04,deepseek-v4-pro,single_record,950k,middle,1,strict_exact_match,200,stop,wrong_value:alpha|wrong_value:beta|wrong_value:gamma|wrong_type:quantity|wrong_value:checksum,,,71a6f36e0d30d7fe5e74702a61a4d68e1e73338c18f7c24eed478429a2bd158d
primary_accuracy,us-east-1,deepseek-v4-long-context-retrieval-v1.1.0:deepseek-v4-flash:event_ordering:128k:beginning:r1,deepseek-v4-flash,event_ordering,128k,beginning,1,strict_exact_match,200,stop,wrong_value:ordered_checksums,,,e02f4197ceada0f63379d6923832bb661f6bd4fd56bf370ad22e4f2f1fb6d6be
primary_accuracy,us-east-1,deepseek-v4-long-context-retrieval-v1.1.0:deepseek-v4-flash:event_ordering:128k:middle:r1,deepseek-v4-flash,event_ordering,128k,middle,1,strict_exact_match,200,stop,wrong_value:ordered_checksums,,,30a3b71aacf1d5d41809d8ad9b34d79128a987bc623fa87eb2e66cd28e6ef46b
primary_accuracy,us-east-1,deepseek-v4-long-context-retrieval-v1.1.0:deepseek-v4-flash:event_ordering:128k:middle:r2,deepseek-v4-flash,event_ordering,128k,middle,2,strict_exact_match,200,stop,wrong_value:ordered_checksums,,,321afedd808858c975f2794da6244299eb8a6b111e8519fe1737f77f45f24841
primary_accuracy,us-east-1,deepseek-v4-long-context-retrieval-v1.1.0:deepseek-v4-flash:event_ordering:32k:middle:r2,deepseek-v4-flash,event_ordering,32k,middle,2,strict_exact_match,200,stop,wrong_value:ordered_event_codes|wrong_value:ordered_checksums,,,ff0d27527fc7470f66d6b035938d4ff250de2ecf2814f25da51058a233218590
primary_accuracy,us-east-1,deepseek-v4-long-context-retrieval-v1.1.0:deepseek-v4-flash:event_ordering:32k:middle:r3,deepseek-v4-flash,event_ordering,32k,middle,3,strict_exact_match,200,stop,wrong_value:ordered_event_codes|wrong_value:ordered_checksums,,,6fea8503170037a2d5e14735e73662f7801a90ff928fe068f4e08780831b72f5
primary_accuracy,us-east-1,deepseek-v4-long-context-retrieval-v1.1.0:deepseek-v4-flash:event_ordering:512k:beginning:r1,deepseek-v4-flash,event_ordering,512k,beginning,1,strict_exact_match,200,stop,wrong_value:ordered_event_codes|wrong_value:ordered_checksums,,,82dc93d4f241d02eab88c4c9f76a13473a74765589a42a9f9fb9d38c5b0dc4b7
primary_accuracy,us-east-1,deepseek-v4-long-context-retrieval-v1.1.0:deepseek-v4-flash:event_ordering:512k:beginning:r2,deepseek-v4-flash,event_ordering,512k,beginning,2,strict_exact_match,200,stop,wrong_value:ordered_checksums,,,443de9e59f3dcec9011aec9a8fa7ae2795b2ab68446487b78a92c05429de6491
primary_accuracy,us-east-1,deepseek-v4-long-context-retrieval-v1.1.0:deepseek-v4-flash:event_ordering:512k:beginning:r3,deepseek-v4-flash,event_ordering,512k,beginning,3,strict_exact_match,200,stop,wrong_value:ordered_event_codes|wrong_value:ordered_checksums,,,6d4e13ed6af3a2a9e9d785b3959bfb527dca6da863baf5908962b912a79b1467
primary_accuracy,us-east-1,deepseek-v4-long-context-retrieval-v1.1.0:deepseek-v4-flash:event_ordering:512k:end:r1,deepseek-v4-flash,event_ordering,512k,end,1,strict_exact_match,200,stop,wrong_value:ordered_event_codes|wrong_value:ordered_checksums,,,eb870111929c5ecb8c23b8c069f177f89266f73c1b656b1458344401101d4b4c
primary_accuracy,us-east-1,deepseek-v4-long-context-retrieval-v1.1.0:deepseek-v4-flash:event_ordering:512k:end:r3,deepseek-v4-flash,event_ordering,512k,end,3,strict_exact_match,200,stop,wrong_value:ordered_event_codes|wrong_value:ordered_checksums,,,8997f930c8b06d8df267c0f70707adda69686e6613916bd6edad71be80080e17
primary_accuracy,us-east-1,deepseek-v4-long-context-retrieval-v1.1.0:deepseek-v4-flash:event_ordering:512k:middle:r1,deepseek-v4-flash,event_ordering,512k,middle,1,strict_exact_match,200,stop,wrong_value:ordered_checksums,,,66b8cc4aca496152744225af737867f58cb0f9ae035d287ee0dc0d817b215e9d
primary_accuracy,us-east-1,deepseek-v4-long-context-retrieval-v1.1.0:deepseek-v4-flash:event_ordering:512k:middle:r2,deepseek-v4-flash,event_ordering,512k,middle,2,strict_exact_match,200,stop,wrong_value:ordered_checksums,,,648ed5db3db5823bea199ec8cfb7a5d102ac6f1fac273800d86c7095a03fca05
primary_accuracy,us-east-1,deepseek-v4-long-context-retrieval-v1.1.0:deepseek-v4-flash:event_ordering:512k:middle:r3,deepseek-v4-flash,event_ordering,512k,middle,3,strict_exact_match,200,stop,wrong_value:ordered_checksums,,,0694fd5c7f4cc77b6a337958a34bd2343b2771be5e042f18e552e3650f1385c3
primary_accuracy,us-east-1,deepseek-v4-long-context-retrieval-v1.1.0:deepseek-v4-flash:event_ordering:950k:beginning:r1,deepseek-v4-flash,event_ordering,950k,beginning,1,strict_exact_match,200,stop,wrong_value:ordered_event_codes|wrong_value:ordered_checksums,,,59b95efbf1b7ec6aa143f04dc45614760c29202978d35dd7c0cdc797f7095b8f
primary_accuracy,us-east-1,deepseek-v4-long-context-retrieval-v1.1.0:deepseek-v4-flash:event_ordering:950k:beginning:r2,deepseek-v4-flash,event_ordering,950k,beginning,2,strict_exact_match,200,stop,wrong_value:ordered_checksums,,,aea54c6a22cd015f29c8f3a62528ab036c1fb24a6e8084276f854ae7f44ad5b9
primary_accuracy,us-east-1,deepseek-v4-long-context-retrieval-v1.1.0:deepseek-v4-flash:event_ordering:950k:beginning:r3,deepseek-v4-flash,event_ordering,950k,beginning,3,strict_exact_match,200,stop,wrong_value:ordered_checksums,,,645003ad3013323aef87440838b36146a4974201d3e4e2144faf062e29e97a90
primary_accuracy,us-east-1,deepseek-v4-long-context-retrieval-v1.1.0:deepseek-v4-flash:event_ordering:950k:end:r1,deepseek-v4-flash,event_ordering,950k,end,1,strict_exact_match,200,stop,wrong_value:ordered_event_codes|wrong_value:ordered_checksums,,,0833a4ee19bf623d4ab74ba070c3f814c58465fc249dcb57c14425be91d81c39
primary_accuracy,us-east-1,deepseek-v4-long-context-retrieval-v1.1.0:deepseek-v4-flash:event_ordering:950k:end:r2,deepseek-v4-flash,event_ordering,950k,end,2,strict_exact_match,200,stop,wrong_value:ordered_checksums,,,f951ca4914de040ca8560e01e151a1146c7776bff2038c54ac3ac7967f7f71c2
primary_accuracy,us-east-1,deepseek-v4-long-context-retrieval-v1.1.0:deepseek-v4-flash:event_ordering:950k:end:r3,deepseek-v4-flash,event_ordering,950k,end,3,strict_exact_match,200,stop,wrong_value:ordered_checksums,,,54ced5239de587eab5553cbabb1069521d59c8cff55e303ac2f368b932b0b1e9
primary_accuracy,us-east-1,deepseek-v4-long-context-retrieval-v1.1.0:deepseek-v4-flash:event_ordering:950k:middle:r1,deepseek-v4-flash,event_ordering,950k,middle,1,strict_exact_match,200,stop,wrong_value:ordered_event_codes|wrong_value:ordered_checksums,,,fdc990b86df1d8c288e8c6323ed9f72c26969f5a827aeb52dff24f3bd1d15eb0
primary_accuracy,us-east-1,deepseek-v4-long-context-retrieval-v1.1.0:deepseek-v4-flash:event_ordering:950k:middle:r2,deepseek-v4-flash,event_ordering,950k,middle,2,strict_exact_match,200,stop,wrong_value:ordered_event_codes|wrong_value:ordered_checksums,,,e4a08033f74d2c5ec788cbc31e823e35db9747f73467dea277bf3eeeafd595ff
primary_accuracy,us-east-1,deepseek-v4-long-context-retrieval-v1.1.0:deepseek-v4-flash:event_ordering:950k:middle:r3,deepseek-v4-flash,event_ordering,950k,middle,3,strict_exact_match,200,stop,wrong_value:ordered_event_codes|wrong_value:ordered_checksums,,,7c9886f46aa93f5664c556d2c009af6aaf1779d9562179c94e8cbee3a1027ced
primary_accuracy,us-east-1,deepseek-v4-long-context-retrieval-v1.1.0:deepseek-v4-flash:latest_version:32k:middle:r2,deepseek-v4-flash,latest_version,32k,middle,2,strict_exact_match,200,stop,wrong_value:checksum,,,2bee0d0c4c3d20ee92900615d997d815e33eaba231045e3a2e0e44d669f9e4e7
primary_accuracy,us-east-1,deepseek-v4-long-context-retrieval-v1.1.0:deepseek-v4-flash:latest_version:950k:end:r1,deepseek-v4-flash,latest_version,950k,end,1,strict_exact_match,200,stop,wrong_value:version|wrong_value:alpha|wrong_value:beta|wrong_value:gamma|wrong_value:quantity|wrong_value:checksum,,,2fc97275149bb30daa85196acf4bd3448c322fc0210f20650efc70f0bc6a8f1e
primary_accuracy,us-east-1,deepseek-v4-long-context-retrieval-v1.1.0:deepseek-v4-flash:latest_version:950k:end:r2,deepseek-v4-flash,latest_version,950k,end,2,strict_exact_match,200,stop,wrong_value:checksum,,,2f8370e32e3188d0f19bf99efbd3652ce55456e74f8374c70486baf7db1ee054
primary_accuracy,us-east-1,deepseek-v4-long-context-retrieval-v1.1.0:deepseek-v4-flash:latest_version:950k:end:r3,deepseek-v4-flash,latest_version,950k,end,3,strict_exact_match,200,stop,wrong_value:version|wrong_value:alpha|wrong_value:beta|wrong_value:gamma|wrong_value:quantity|wrong_value:checksum,,,a8ea82a95f9e1d78d13a7174e985da5001f65d2351692090414a7213b75e6f95
primary_accuracy,us-east-1,deepseek-v4-long-context-retrieval-v1.1.0:deepseek-v4-flash:multi_hop_join:128k:beginning:r1,deepseek-v4-flash,multi_hop_join,128k,beginning,1,strict_exact_match,200,stop,wrong_value:alpha|wrong_value:beta|wrong_value:gamma|wrong_value:checksum,,,06722731239042a965a2016848528d2d164b85101a3777edce1d2a11e750e416
primary_accuracy,us-east-1,deepseek-v4-long-context-retrieval-v1.1.0:deepseek-v4-flash:multi_hop_join:128k:beginning:r2,deepseek-v4-flash,multi_hop_join,128k,beginning,2,strict_exact_match,200,stop,wrong_value:alpha|wrong_value:beta|wrong_value:gamma|wrong_value:quantity|wrong_value:checksum,,,b5accf902989d04f7b5fe251b50a68ec36d7baad04063933f48ba10f95f48d82
primary_accuracy,us-east-1,deepseek-v4-long-context-retrieval-v1.1.0:deepseek-v4-flash:multi_hop_join:128k:beginning:r3,deepseek-v4-flash,multi_hop_join,128k,beginning,3,strict_exact_match,200,stop,wrong_value:alpha|wrong_value:beta|wrong_value:gamma|wrong_value:quantity|wrong_value:checksum,,,f7820cf936e1a0ee01f6eb6b8666e38065b1a64dc1119f5a5955d27873189789
primary_accuracy,us-east-1,deepseek-v4-long-context-retrieval-v1.1.0:deepseek-v4-flash:multi_hop_join:128k:end:r1,deepseek-v4-flash,multi_hop_join,128k,end,1,strict_exact_match,200,stop,wrong_value:alpha|wrong_value:beta|wrong_value:gamma|wrong_value:quantity|wrong_value:checksum,,,7e718bde8da3cdaa3d870bbd0fc433e547bde89f76168380d6a202ac8e8c465a
primary_accuracy,us-east-1,deepseek-v4-long-context-retrieval-v1.1.0:deepseek-v4-flash:multi_hop_join:128k:end:r2,deepseek-v4-flash,multi_hop_join,128k,end,2,strict_exact_match,200,stop,wrong_value:alpha|wrong_value:gamma|wrong_value:quantity|wrong_value:checksum,,,83ea11d527926178f9dd4b138b917d94e234bb71c9fd7f39c3f2ec5180725f59
primary_accuracy,us-east-1,deepseek-v4-long-context-retrieval-v1.1.0:deepseek-v4-flash:multi_hop_join:128k:end:r3,deepseek-v4-flash,multi_hop_join,128k,end,3,strict_exact_match,200,stop,wrong_value:beta|wrong_value:gamma|wrong_value:quantity|wrong_value:checksum,,,7e0bdd62370b5e41ecee8ed99423f6fc46564d54a05b53211d8c507556c2bc87
primary_accuracy,us-east-1,deepseek-v4-long-context-retrieval-v1.1.0:deepseek-v4-flash:multi_hop_join:128k:middle:r1,deepseek-v4-flash,multi_hop_join,128k,middle,1,strict_exact_match,200,stop,wrong_value:alpha|wrong_value:beta|wrong_value:gamma|wrong_value:quantity|wrong_value:checksum,,,8601dbe9e4f32c351ddbe1e429ebe70805b90c3d4460338203b13a1d6e643820
primary_accuracy,us-east-1,deepseek-v4-long-context-retrieval-v1.1.0:deepseek-v4-flash:multi_hop_join:128k:middle:r2,deepseek-v4-flash,multi_hop_join,128k,middle,2,strict_exact_match,200,stop,wrong_value:alpha|wrong_value:beta|wrong_value:quantity|wrong_value:checksum,,,605005c279fd8931ae0bc189ce720284350860926adcb4890366e4e49bb6d239
primary_accuracy,us-east-1,deepseek-v4-long-context-retrieval-v1.1.0:deepseek-v4-flash:multi_hop_join:128k:middle:r3,deepseek-v4-flash,multi_hop_join,128k,middle,3,strict_exact_match,200,stop,wrong_value:beta|wrong_value:gamma|wrong_value:quantity|wrong_value:checksum,,,e4ba75610ae826df9d3c098585f17cde8c557241d48d0a34bd7f3268aee49ffa
primary_accuracy,us-east-1,deepseek-v4-long-context-retrieval-v1.1.0:deepseek-v4-flash:multi_hop_join:32k:beginning:r1,deepseek-v4-flash,multi_hop_join,32k,beginning,1,strict_exact_match,200,stop,wrong_value:alpha|wrong_value:beta|wrong_value:gamma|wrong_value:quantity|wrong_value:checksum,,,6b7dc37352b8d0f6633c63fcde79e1b21a3fa45478b2746f6caef2a37408c7cc
primary_accuracy,us-east-1,deepseek-v4-long-context-retrieval-v1.1.0:deepseek-v4-flash:multi_hop_join:32k:beginning:r2,deepseek-v4-flash,multi_hop_join,32k,beginning,2,strict_exact_match,200,stop,wrong_value:alpha|wrong_value:beta|wrong_value:gamma|wrong_value:quantity|wrong_value:checksum,,,3f6ec8b529348fa4199696dda2ccb2f9f1223e6b0b879b82064c828195f818e2
primary_accuracy,us-east-1,deepseek-v4-long-context-retrieval-v1.1.0:deepseek-v4-flash:multi_hop_join:32k:beginning:r3,deepseek-v4-flash,multi_hop_join,32k,beginning,3,strict_exact_match,200,stop,wrong_value:alpha|wrong_value:beta|wrong_value:gamma|wrong_value:quantity|wrong_value:checksum,,,ba1d5d187640da3ec8a2283fccb7031aa0f663a92cb2517b1e3c87d6b2a95db7
primary_accuracy,us-east-1,deepseek-v4-long-context-retrieval-v1.1.0:deepseek-v4-flash:multi_hop_join:32k:end:r1,deepseek-v4-flash,multi_hop_join,32k,end,1,strict_exact_match,200,stop,wrong_value:alpha|wrong_value:beta|wrong_value:gamma|wrong_value:quantity|wrong_value:checksum,,,c06622b6924219c3406c23c20afff8bf868dcdff549c600befded6d3d6e5edad
primary_accuracy,us-east-1,deepseek-v4-long-context-retrieval-v1.1.0:deepseek-v4-flash:multi_hop_join:32k:end:r2,deepseek-v4-flash,multi_hop_join,32k,end,2,strict_exact_match,200,stop,wrong_value:alpha|wrong_value:beta|wrong_value:gamma|wrong_value:quantity|wrong_value:checksum,,,dffb93ccda560c13c8d336803600ee84e108ebcd720a3408334ebb39619b0226
primary_accuracy,us-east-1,deepseek-v4-long-context-retrieval-v1.1.0:deepseek-v4-flash:multi_hop_join:32k:end:r3,deepseek-v4-flash,multi_hop_join,32k,end,3,strict_exact_match,200,stop,wrong_value:alpha|wrong_value:beta|wrong_value:gamma|wrong_value:quantity|wrong_value:checksum,,,3f2c02754fee1874d4a20ae2b89efcf1187b841a8672adb4c60c30396d89658c
primary_accuracy,us-east-1,deepseek-v4-long-context-retrieval-v1.1.0:deepseek-v4-flash:multi_hop_join:32k:middle:r1,deepseek-v4-flash,multi_hop_join,32k,middle,1,strict_exact_match,200,stop,wrong_value:alpha|wrong_value:beta|wrong_value:gamma|wrong_value:quantity|wrong_value:checksum,,,7ad9ab8bda678426fbb2f43bf22140da7464b1229b121b79553d610a7710eed9
primary_accuracy,us-east-1,deepseek-v4-long-context-retrieval-v1.1.0:deepseek-v4-flash:multi_hop_join:32k:middle:r2,deepseek-v4-flash,multi_hop_join,32k,middle,2,strict_exact_match,200,stop,wrong_value:alpha|wrong_value:beta|wrong_value:gamma|wrong_value:quantity|wrong_value:checksum,,,d8efa2d02968fdd40c76d39851bc1d1937804b898e7a725c06fe2271afff9632
primary_accuracy,us-east-1,deepseek-v4-long-context-retrieval-v1.1.0:deepseek-v4-flash:multi_hop_join:32k:middle:r3,deepseek-v4-flash,multi_hop_join,32k,middle,3,strict_exact_match,200,stop,wrong_value:alpha|wrong_value:beta|wrong_value:gamma|wrong_value:quantity|wrong_value:checksum,,,7e066fb4b011143fbf15550fafcd83fa6b0bab8d54a0968f85332d8280622d0a
primary_accuracy,us-east-1,deepseek-v4-long-context-retrieval-v1.1.0:deepseek-v4-flash:multi_hop_join:512k:beginning:r1,deepseek-v4-flash,multi_hop_join,512k,beginning,1,strict_exact_match,200,stop,wrong_value:alpha|wrong_value:beta|wrong_value:gamma|wrong_value:quantity|wrong_value:checksum,,,6b3ed56dae7e28d799d6343696b59d49d747c233d900112cc840b7a2d1483907
primary_accuracy,us-east-1,deepseek-v4-long-context-retrieval-v1.1.0:deepseek-v4-flash:multi_hop_join:512k:beginning:r2,deepseek-v4-flash,multi_hop_join,512k,beginning,2,strict_exact_match,200,stop,wrong_value:alpha|wrong_value:beta|wrong_value:gamma|wrong_value:quantity|wrong_value:checksum,,,89d46f7bd9a67a5609e134f98af4bc647b195b7234c12a91f22b8358c0ad81d8
primary_accuracy,us-east-1,deepseek-v4-long-context-retrieval-v1.1.0:deepseek-v4-flash:multi_hop_join:512k:beginning:r3,deepseek-v4-flash,multi_hop_join,512k,beginning,3,strict_exact_match,200,stop,wrong_value:alpha|wrong_value:beta|wrong_value:gamma|wrong_value:quantity|wrong_value:checksum,,,999d67430754de36851e4084382b4679ee988f11eb87464337d8a1a13c25d4a8
primary_accuracy,us-east-1,deepseek-v4-long-context-retrieval-v1.1.0:deepseek-v4-flash:multi_hop_join:512k:end:r1,deepseek-v4-flash,multi_hop_join,512k,end,1,strict_exact_match,200,stop,wrong_value:alpha|wrong_value:beta|wrong_value:gamma|wrong_value:quantity|wrong_value:checksum,,,4b87d9ade95e36ecbde409a4b53f630710f836520ed06ad20cf2aa75c24c8000
primary_accuracy,us-east-1,deepseek-v4-long-context-retrieval-v1.1.0:deepseek-v4-flash:multi_hop_join:512k:end:r2,deepseek-v4-flash,multi_hop_join,512k,end,2,strict_exact_match,200,stop,wrong_value:alpha|wrong_value:beta|wrong_value:gamma|wrong_value:quantity|wrong_value:checksum,,,8fea5b35c58822fd82a2dab156b5fdeae4abb52c58c109857e6e0687088816b7
primary_accuracy,us-east-1,deepseek-v4-long-context-retrieval-v1.1.0:deepseek-v4-flash:multi_hop_join:512k:end:r3,deepseek-v4-flash,multi_hop_join,512k,end,3,strict_exact_match,200,stop,wrong_value:alpha|wrong_value:beta|wrong_value:gamma|wrong_value:quantity|wrong_value:checksum,,,96ae4e12e58cd5f0ae20d999972e9e75c3b855637de1aed4ffd351cfd6a8e546
primary_accuracy,us-east-1,deepseek-v4-long-context-retrieval-v1.1.0:deepseek-v4-flash:multi_hop_join:512k:middle:r1,deepseek-v4-flash,multi_hop_join,512k,middle,1,strict_exact_match,200,stop,wrong_value:alpha|wrong_value:beta|wrong_value:gamma|wrong_value:quantity|wrong_value:checksum,,,a4356aec67adf38855cfb325f5a505edfe844d38ad951be62b5f66341da271ca
primary_accuracy,us-east-1,deepseek-v4-long-context-retrieval-v1.1.0:deepseek-v4-flash:multi_hop_join:512k:middle:r2,deepseek-v4-flash,multi_hop_join,512k,middle,2,strict_exact_match,200,stop,wrong_value:alpha|wrong_value:beta|wrong_value:gamma|wrong_value:quantity|wrong_value:checksum,,,4e437851130ef5152f74bab12255de8335365e8d0f885cd28e89fc7bf386126f
primary_accuracy,us-east-1,deepseek-v4-long-context-retrieval-v1.1.0:deepseek-v4-flash:multi_hop_join:512k:middle:r3,deepseek-v4-flash,multi_hop_join,512k,middle,3,strict_exact_match,200,stop,wrong_value:alpha|wrong_value:beta|wrong_value:gamma|wrong_value:quantity|wrong_value:checksum,,,d7bdaf25bfff604bcbebf0069380c12f191c38fa6787c9371bc86300d372271c
primary_accuracy,us-east-1,deepseek-v4-long-context-retrieval-v1.1.0:deepseek-v4-flash:multi_hop_join:950k:beginning:r1,deepseek-v4-flash,multi_hop_join,950k,beginning,1,strict_exact_match,200,stop,wrong_value:alpha|wrong_value:beta|wrong_value:gamma|wrong_value:quantity|wrong_value:checksum,,,8eeae8283369f9d8135e56249fe6f833c688dff0a6083ca730f95c22ed3f6d27
primary_accuracy,us-east-1,deepseek-v4-long-context-retrieval-v1.1.0:deepseek-v4-flash:multi_hop_join:950k:beginning:r2,deepseek-v4-flash,multi_hop_join,950k,beginning,2,strict_exact_match,200,stop,wrong_value:alpha|wrong_value:beta|wrong_value:gamma|wrong_value:quantity|wrong_value:checksum,,,27dc5a31831080c09dd12b6f1ffefe58d1cef6bd01b0eb33ca2c3cc3770e766d
primary_accuracy,us-east-1,deepseek-v4-long-context-retrieval-v1.1.0:deepseek-v4-flash:multi_hop_join:950k:beginning:r3,deepseek-v4-flash,multi_hop_join,950k,beginning,3,strict_exact_match,200,stop,wrong_value:alpha|wrong_value:beta|wrong_value:gamma|wrong_value:quantity|wrong_value:checksum,,,eb69483fa88530fdc66af02c014b87f7dfebef3c3f79494b73dbdcf57cbedc92
primary_accuracy,us-east-1,deepseek-v4-long-context-retrieval-v1.1.0:deepseek-v4-flash:multi_hop_join:950k:end:r1,deepseek-v4-flash,multi_hop_join,950k,end,1,strict_exact_match,200,stop,wrong_value:alpha|wrong_value:beta|wrong_value:gamma|wrong_value:quantity|wrong_value:checksum,,,538881dead528c32896a504b01a65824049358c227c7662093e94fac44f2040e
primary_accuracy,us-east-1,deepseek-v4-long-context-retrieval-v1.1.0:deepseek-v4-flash:multi_hop_join:950k:end:r2,deepseek-v4-flash,multi_hop_join,950k,end,2,strict_exact_match,200,stop,wrong_value:alpha|wrong_value:beta|wrong_value:gamma|wrong_value:quantity|wrong_value:checksum,,,e6088b456832a0494023c86b3a5c3cb20994aa709abed36541205c3ec764418c
primary_accuracy,us-east-1,deepseek-v4-long-context-retrieval-v1.1.0:deepseek-v4-flash:multi_hop_join:950k:end:r3,deepseek-v4-flash,multi_hop_join,950k,end,3,strict_exact_match,200,stop,wrong_value:alpha|wrong_value:beta|wrong_value:gamma|wrong_value:quantity|wrong_value:checksum,,,9bb0a0bf8cf091e2ca579f963701b936a7463dacec76edd83e9b12e8f73507b6
primary_accuracy,us-east-1,deepseek-v4-long-context-retrieval-v1.1.0:deepseek-v4-flash:multi_hop_join:950k:middle:r1,deepseek-v4-flash,multi_hop_join,950k,middle,1,strict_exact_match,200,stop,wrong_value:alpha|wrong_value:beta|wrong_value:gamma|wrong_value:quantity|wrong_value:checksum,,,930118e964d6f1e9b1215ed397222c5950cec8b6d1b0f539ef451cd8713cf592
primary_accuracy,us-east-1,deepseek-v4-long-context-retrieval-v1.1.0:deepseek-v4-flash:multi_hop_join:950k:middle:r2,deepseek-v4-flash,multi_hop_join,950k,middle,2,strict_exact_match,200,stop,wrong_value:alpha|wrong_value:beta|wrong_value:gamma|wrong_value:quantity|wrong_value:checksum,,,c11505b0566ef1ef5b6f70adc124a4dd915ac7aae31b4146a1f4caf8c5ef66ba
primary_accuracy,us-east-1,deepseek-v4-long-context-retrieval-v1.1.0:deepseek-v4-flash:multi_hop_join:950k:middle:r3,deepseek-v4-flash,multi_hop_join,950k,middle,3,strict_exact_match,200,stop,wrong_value:alpha|wrong_value:beta|wrong_value:quantity|wrong_value:checksum,,,0fb34d39d933e75cc92b70a13158f49f72ba0344bcbe35dc246344f3d12c76fe
primary_accuracy,us-east-1,deepseek-v4-long-context-retrieval-v1.1.0:deepseek-v4-flash:single_record:128k:end:r2,deepseek-v4-flash,single_record,128k,end,2,strict_exact_match,200,stop,wrong_value:checksum,,,08a3315a27a1360f711d435feac8cdf5d007ee0cb58735082d5106f15a78c984
primary_accuracy,us-east-1,deepseek-v4-long-context-retrieval-v1.1.0:deepseek-v4-flash:single_record:128k:middle:r1,deepseek-v4-flash,single_record,128k,middle,1,strict_exact_match,200,stop,wrong_value:checksum,,,e2f34280e66ec0287188ca4a0a8216e0c00049b96250568614f4647855b16352
primary_accuracy,us-east-1,deepseek-v4-long-context-retrieval-v1.1.0:deepseek-v4-flash:single_record:512k:beginning:r2,deepseek-v4-flash,single_record,512k,beginning,2,strict_exact_match,200,stop,wrong_value:checksum,,,ef145b623844f86a8e51d0837d778494ccfe54c3ca8c6802b9627d2dbfc5022d
primary_accuracy,us-east-1,deepseek-v4-long-context-retrieval-v1.1.0:deepseek-v4-flash:single_record:512k:end:r1,deepseek-v4-flash,single_record,512k,end,1,strict_exact_match,200,stop,wrong_value:checksum,,,64c6f25c0acb8485c954751afd9e3488ffbbea751bb5d4de6c0a11dd2e339dac
primary_accuracy,us-east-1,deepseek-v4-long-context-retrieval-v1.1.0:deepseek-v4-flash:single_record:512k:end:r3,deepseek-v4-flash,single_record,512k,end,3,strict_exact_match,200,stop,wrong_value:alpha|wrong_value:beta|wrong_value:gamma|wrong_value:quantity|wrong_value:checksum,,,ab221583bd58be15195da80755ad2497782d464ee25b58415085635888cc0e61
primary_accuracy,us-east-1,deepseek-v4-long-context-retrieval-v1.1.0:deepseek-v4-flash:single_record:512k:middle:r1,deepseek-v4-flash,single_record,512k,middle,1,strict_exact_match,200,stop,wrong_value:checksum,,,9a3fc740a15b4051166d248fbd59829c766e4faa69200b53ecc2ce802f8afe53
primary_accuracy,us-east-1,deepseek-v4-long-context-retrieval-v1.1.0:deepseek-v4-flash:single_record:950k:end:r1,deepseek-v4-flash,single_record,950k,end,1,strict_exact_match,200,stop,wrong_value:checksum,,,84c0ff2c97f6195f08c283c208036e515b150ded907f454435d75ef91b0b7705
primary_accuracy,us-east-1,deepseek-v4-long-context-retrieval-v1.1.0:deepseek-v4-flash:single_record:950k:end:r2,deepseek-v4-flash,single_record,950k,end,2,strict_exact_match,200,stop,wrong_value:alpha|wrong_value:beta|wrong_value:gamma|wrong_value:quantity|wrong_value:checksum,,,678d11806c314d768c16872c1b71878bb7c2a8a1e33a6c58d805370b5b6db811
primary_accuracy,us-east-1,deepseek-v4-long-context-retrieval-v1.1.0:deepseek-v4-flash:single_record:950k:middle:r1,deepseek-v4-flash,single_record,950k,middle,1,strict_exact_match,200,stop,wrong_value:alpha|wrong_value:beta|wrong_value:gamma|wrong_value:quantity|wrong_value:checksum,,,86fcd157e1e87ab9439edf2509342010ed222d95a98d23fe26638d01d12e6caf
primary_accuracy,us-east-1,deepseek-v4-long-context-retrieval-v1.1.0:deepseek-v4-flash:single_record:950k:middle:r2,deepseek-v4-flash,single_record,950k,middle,2,strict_exact_match,200,stop,wrong_value:checksum,,,9b336858569a6984726c4195f67a1b9080708c576675231371a573c4a8f40305
primary_accuracy,us-east-1,deepseek-v4-long-context-retrieval-v1.1.0:deepseek-v4-flash:single_record:950k:middle:r3,deepseek-v4-flash,single_record,950k,middle,3,strict_exact_match,200,stop,wrong_value:checksum,,,d63170ad3afbc6bca139fc9f3e691acdc6e6417b7393f9e0c38c84b6becb5872
primary_accuracy,us-east-1,deepseek-v4-long-context-retrieval-v1.1.0:deepseek-v4-pro:event_ordering:128k:end:r3,deepseek-v4-pro,event_ordering,128k,end,3,strict_exact_match,200,stop,wrong_value:ordered_checksums,,,9e5198b46218370ee3e34135994b007836945b51f151224b01c40ef304c51f62
primary_accuracy,us-east-1,deepseek-v4-long-context-retrieval-v1.1.0:deepseek-v4-pro:event_ordering:128k:middle:r2,deepseek-v4-pro,event_ordering,128k,middle,2,strict_exact_match,200,stop,wrong_value:ordered_event_codes|wrong_value:ordered_checksums,,,7edc0ea9c82cacc6dcaa7bf5508ea13df76aa30c0bad11a090154a25aadaceb8
primary_accuracy,us-east-1,deepseek-v4-long-context-retrieval-v1.1.0:deepseek-v4-pro:event_ordering:512k:beginning:r3,deepseek-v4-pro,event_ordering,512k,beginning,3,strict_exact_match,200,stop,wrong_value:ordered_event_codes|wrong_value:ordered_checksums,,,fd3f985999084fd424b0838d6a6c935eaec898d2afba88f73f92379c6663e3e9
primary_accuracy,us-east-1,deepseek-v4-long-context-retrieval-v1.1.0:deepseek-v4-pro:event_ordering:512k:end:r1,deepseek-v4-pro,event_ordering,512k,end,1,strict_exact_match,200,stop,wrong_value:ordered_checksums,,,39b1fae71455db4582380ddcb0414915dd1d95d9fbed7e6473464ce5fcf70d26
primary_accuracy,us-east-1,deepseek-v4-long-context-retrieval-v1.1.0:deepseek-v4-pro:event_ordering:512k:end:r3,deepseek-v4-pro,event_ordering,512k,end,3,strict_exact_match,200,stop,wrong_value:ordered_checksums,,,7222ad7490b8efaf9e312e2255f0e8675c660fdd9c8c2af81e37a17b53827aa2
primary_accuracy,us-east-1,deepseek-v4-long-context-retrieval-v1.1.0:deepseek-v4-pro:event_ordering:512k:middle:r1,deepseek-v4-pro,event_ordering,512k,middle,1,strict_exact_match,200,stop,wrong_value:ordered_event_codes|wrong_value:ordered_checksums,,,a9cca1bb9b2e844c2f8cd190d4e5dd4bc9619bde65bb1a9bf5be4e4badb06e22
primary_accuracy,us-east-1,deepseek-v4-long-context-retrieval-v1.1.0:deepseek-v4-pro:event_ordering:512k:middle:r3,deepseek-v4-pro,event_ordering,512k,middle,3,strict_exact_match,200,stop,wrong_value:ordered_event_codes|wrong_value:ordered_checksums,,,868a34ff3d6df213ae871eff1512cbd63d00223853f3427573af0d05ea7046cc
primary_accuracy,us-east-1,deepseek-v4-long-context-retrieval-v1.1.0:deepseek-v4-pro:event_ordering:950k:beginning:r2,deepseek-v4-pro,event_ordering,950k,beginning,2,strict_exact_match,200,stop,wrong_value:ordered_event_codes|wrong_value:ordered_checksums,,,d1613beac1562772cbff270f04092829a6a0c51ec5276bae7107dd6905f808ea
primary_accuracy,us-east-1,deepseek-v4-long-context-retrieval-v1.1.0:deepseek-v4-pro:event_ordering:950k:end:r1,deepseek-v4-pro,event_ordering,950k,end,1,strict_exact_match,200,stop,wrong_value:ordered_event_codes|wrong_value:ordered_checksums,,,37bdd1796b0c55c171d0f9455f40d9c4fb0ba21b97ecc47a1c71d9ec27b68b9c
primary_accuracy,us-east-1,deepseek-v4-long-context-retrieval-v1.1.0:deepseek-v4-pro:event_ordering:950k:end:r3,deepseek-v4-pro,event_ordering,950k,end,3,strict_exact_match,200,stop,wrong_value:ordered_event_codes|wrong_value:ordered_checksums,,,68a9d8e038d424dc9c15c4d78bb767a87c2c91a9e2bf744c002d0a8a3da67960
primary_accuracy,us-east-1,deepseek-v4-long-context-retrieval-v1.1.0:deepseek-v4-pro:event_ordering:950k:middle:r2,deepseek-v4-pro,event_ordering,950k,middle,2,strict_exact_match,200,stop,wrong_value:ordered_event_codes|wrong_value:ordered_checksums,,,e4482df6e6b0cc7efdcbf7aab851b2587ccbfb307887a64e93f9d0ee32ccc39b
primary_accuracy,us-east-1,deepseek-v4-long-context-retrieval-v1.1.0:deepseek-v4-pro:event_ordering:950k:middle:r3,deepseek-v4-pro,event_ordering,950k,middle,3,strict_exact_match,200,stop,wrong_value:ordered_event_codes|wrong_value:ordered_checksums,,,0975119e55484da8ddde99885a6beaf9a84b60fc41c5aa9258b2d11ed0cefd08
primary_accuracy,us-east-1,deepseek-v4-long-context-retrieval-v1.1.0:deepseek-v4-pro:latest_version:128k:beginning:r1,deepseek-v4-pro,latest_version,128k,beginning,1,strict_exact_match,200,stop,wrong_type:version|wrong_type:quantity,,,293763cc7f7041d395b33f8a4446c610febf433752309f041951bba63cc21193
primary_accuracy,us-east-1,deepseek-v4-long-context-retrieval-v1.1.0:deepseek-v4-pro:latest_version:128k:end:r2,deepseek-v4-pro,latest_version,128k,end,2,strict_exact_match,200,stop,wrong_type:version|wrong_type:quantity,,,76f7350a99cc76dbf56350006849585958770b752bb42b588699657415eecb7d
primary_accuracy,us-east-1,deepseek-v4-long-context-retrieval-v1.1.0:deepseek-v4-pro:latest_version:512k:beginning:r2,deepseek-v4-pro,latest_version,512k,beginning,2,strict_exact_match,200,stop,wrong_type:version|wrong_type:quantity,,,cf24964a67e50bb6d4ae6afa0688c1112b1eb7b894059f0920a0a7d2d6d98c15
primary_accuracy,us-east-1,deepseek-v4-long-context-retrieval-v1.1.0:deepseek-v4-pro:latest_version:512k:middle:r1,deepseek-v4-pro,latest_version,512k,middle,1,strict_exact_match,200,stop,wrong_value:version|wrong_value:alpha|wrong_value:beta|wrong_value:gamma|wrong_value:quantity|wrong_value:checksum,,,7aba5e3340e85aff52d20257ad6df8b094fe0efe293339b635039d375dd1b6a2
primary_accuracy,us-east-1,deepseek-v4-long-context-retrieval-v1.1.0:deepseek-v4-pro:latest_version:950k:end:r3,deepseek-v4-pro,latest_version,950k,end,3,strict_exact_match,200,stop,wrong_type:version|wrong_type:quantity,,,5e944b6f2daf22ffd1c3863da649be46c59c9b766a1746c141c6b5e9f50f9cb7
primary_accuracy,us-east-1,deepseek-v4-long-context-retrieval-v1.1.0:deepseek-v4-pro:latest_version:950k:middle:r2,deepseek-v4-pro,latest_version,950k,middle,2,strict_exact_match,200,stop,wrong_type:version|wrong_type:quantity,,,1c491dd75a6a5dde286a0dae4949f0410292e8649795c543150120cf329246a6
primary_accuracy,us-east-1,deepseek-v4-long-context-retrieval-v1.1.0:deepseek-v4-pro:multi_hop_join:128k:beginning:r1,deepseek-v4-pro,multi_hop_join,128k,beginning,1,strict_exact_match,200,stop,wrong_value:alpha|wrong_value:beta|wrong_value:gamma|wrong_value:checksum,,,29fe936f09c2a60620bee750838f733aea22578a4aa370bf174043c94a5c179f
primary_accuracy,us-east-1,deepseek-v4-long-context-retrieval-v1.1.0:deepseek-v4-pro:multi_hop_join:128k:beginning:r2,deepseek-v4-pro,multi_hop_join,128k,beginning,2,strict_exact_match,200,stop,wrong_value:alpha|wrong_value:beta|wrong_value:gamma|wrong_value:quantity|wrong_value:checksum,,,904cb8a75eef264efb8430a43e6e2226a2cc0522be19e005c7b98dd1444d3815
primary_accuracy,us-east-1,deepseek-v4-long-context-retrieval-v1.1.0:deepseek-v4-pro:multi_hop_join:128k:beginning:r3,deepseek-v4-pro,multi_hop_join,128k,beginning,3,strict_exact_match,200,stop,wrong_value:alpha|wrong_value:beta|wrong_value:gamma|wrong_type:quantity|wrong_value:checksum,,,1b1ab7a4e0e5da7fc598ba46043759f41714fe16567885e711ffb4f598df9deb
primary_accuracy,us-east-1,deepseek-v4-long-context-retrieval-v1.1.0:deepseek-v4-pro:multi_hop_join:128k:end:r1,deepseek-v4-pro,multi_hop_join,128k,end,1,strict_exact_match,200,stop,wrong_value:alpha|wrong_value:beta|wrong_value:gamma|wrong_type:quantity|wrong_value:checksum,,,e5e40aa830dbea54c117b7c93a5a2feccb84ba4dbc8f179f632393c9905d5ba3
primary_accuracy,us-east-1,deepseek-v4-long-context-retrieval-v1.1.0:deepseek-v4-pro:multi_hop_join:128k:end:r2,deepseek-v4-pro,multi_hop_join,128k,end,2,strict_exact_match,200,stop,wrong_type:quantity,,,3ed681261341dafa6e378a3fcceb62e0be378f7339e8c3207263463cee7a6ec5
primary_accuracy,us-east-1,deepseek-v4-long-context-retrieval-v1.1.0:deepseek-v4-pro:multi_hop_join:128k:end:r3,deepseek-v4-pro,multi_hop_join,128k,end,3,strict_exact_match,200,stop,wrong_value:beta|wrong_value:gamma|wrong_type:quantity|wrong_value:checksum,,,f848e85af4601ee4f5726d998b85811dd870c2a0e96989f9fc2a4af5096b31ea
primary_accuracy,us-east-1,deepseek-v4-long-context-retrieval-v1.1.0:deepseek-v4-pro:multi_hop_join:128k:middle:r1,deepseek-v4-pro,multi_hop_join,128k,middle,1,strict_exact_match,200,stop,wrong_value:alpha|wrong_value:beta|wrong_value:gamma|wrong_value:quantity|wrong_value:checksum,,,12b79b063109d06c401936c87b7d831c41d51f5ce14f23a2270a1533db7d8910
primary_accuracy,us-east-1,deepseek-v4-long-context-retrieval-v1.1.0:deepseek-v4-pro:multi_hop_join:128k:middle:r2,deepseek-v4-pro,multi_hop_join,128k,middle,2,strict_exact_match,200,stop,wrong_value:alpha|wrong_value:beta|wrong_type:quantity|wrong_value:checksum,,,3ebdafb5582582b615118f94a9182e7f915a8cef12ab5f7120e2903841cce338
primary_accuracy,us-east-1,deepseek-v4-long-context-retrieval-v1.1.0:deepseek-v4-pro:multi_hop_join:128k:middle:r3,deepseek-v4-pro,multi_hop_join,128k,middle,3,strict_exact_match,200,stop,wrong_value:beta|wrong_value:gamma|wrong_type:quantity|wrong_value:checksum,,,336398f2974dd2ed2ab54c9b53c98957d2d699e37b8ce49229833998c37cf909
primary_accuracy,us-east-1,deepseek-v4-long-context-retrieval-v1.1.0:deepseek-v4-pro:multi_hop_join:32k:beginning:r1,deepseek-v4-pro,multi_hop_join,32k,beginning,1,strict_exact_match,200,stop,wrong_value:alpha|wrong_value:beta|wrong_value:gamma|wrong_type:quantity|wrong_value:checksum,,,d539a304f10c17323ce607ed1c9602df08779f97ee7289c6e37b4a7453460880
primary_accuracy,us-east-1,deepseek-v4-long-context-retrieval-v1.1.0:deepseek-v4-pro:multi_hop_join:32k:beginning:r2,deepseek-v4-pro,multi_hop_join,32k,beginning,2,strict_exact_match,200,stop,wrong_value:alpha|wrong_value:beta|wrong_value:gamma|wrong_type:quantity|wrong_value:checksum,,,394b9fe55cab45b777f822249b5a99fb424aedf3f996bec071d5c4aa601b8c48
primary_accuracy,us-east-1,deepseek-v4-long-context-retrieval-v1.1.0:deepseek-v4-pro:multi_hop_join:32k:beginning:r3,deepseek-v4-pro,multi_hop_join,32k,beginning,3,strict_exact_match,200,stop,wrong_value:alpha|wrong_value:beta|wrong_value:gamma|wrong_value:quantity|wrong_value:checksum,,,f4d22c48614b3ae2024bebf1324ddb14163fe6c69a03b0993cdb829faa5c7f77
primary_accuracy,us-east-1,deepseek-v4-long-context-retrieval-v1.1.0:deepseek-v4-pro:multi_hop_join:32k:end:r1,deepseek-v4-pro,multi_hop_join,32k,end,1,strict_exact_match,200,stop,wrong_value:alpha|wrong_value:beta|wrong_value:gamma|wrong_type:quantity|wrong_value:checksum,,,6e24484ce7ba1a36cecb7e426f3c8081e81f39c23322bca0db3b1257000b7001
primary_accuracy,us-east-1,deepseek-v4-long-context-retrieval-v1.1.0:deepseek-v4-pro:multi_hop_join:32k:end:r2,deepseek-v4-pro,multi_hop_join,32k,end,2,strict_exact_match,200,stop,wrong_value:alpha|wrong_value:beta|wrong_value:gamma|wrong_type:quantity|wrong_value:checksum,,,5cad32a81b36457a37724a691c8b8e3d2864b59c8e833a8e9ae57a1d835edab7
primary_accuracy,us-east-1,deepseek-v4-long-context-retrieval-v1.1.0:deepseek-v4-pro:multi_hop_join:32k:end:r3,deepseek-v4-pro,multi_hop_join,32k,end,3,strict_exact_match,200,stop,wrong_value:alpha|wrong_value:beta|wrong_value:gamma|wrong_type:quantity|wrong_value:checksum,,,85594f6c83e35bf9de5edaa0e84a2f723f2cfe3066a8b814e7f9086c59f22261
primary_accuracy,us-east-1,deepseek-v4-long-context-retrieval-v1.1.0:deepseek-v4-pro:multi_hop_join:32k:middle:r1,deepseek-v4-pro,multi_hop_join,32k,middle,1,strict_exact_match,200,stop,wrong_value:alpha|wrong_value:beta|wrong_value:gamma|wrong_type:quantity|wrong_value:checksum,,,078d186cbe8734b221c7a3885b2ab64eb4ec7ffeda5d4e4cc841af9c800c0bd6
primary_accuracy,us-east-1,deepseek-v4-long-context-retrieval-v1.1.0:deepseek-v4-pro:multi_hop_join:32k:middle:r2,deepseek-v4-pro,multi_hop_join,32k,middle,2,strict_exact_match,200,stop,wrong_value:alpha|wrong_value:beta|wrong_value:gamma|wrong_type:quantity|wrong_value:checksum,,,3686ac6826136e6b5247366cd0e9100792a0a174985c4b61bbaac3aaa7805593
primary_accuracy,us-east-1,deepseek-v4-long-context-retrieval-v1.1.0:deepseek-v4-pro:multi_hop_join:32k:middle:r3,deepseek-v4-pro,multi_hop_join,32k,middle,3,strict_exact_match,200,stop,wrong_value:alpha|wrong_value:beta|wrong_value:gamma|wrong_type:quantity|wrong_value:checksum,,,e9a0ada923a7b873db4c9a7eba0de14586f72df76668bb3893f7199a88605d7f
primary_accuracy,us-east-1,deepseek-v4-long-context-retrieval-v1.1.0:deepseek-v4-pro:multi_hop_join:512k:beginning:r1,deepseek-v4-pro,multi_hop_join,512k,beginning,1,strict_exact_match,200,stop,wrong_value:alpha|wrong_value:beta|wrong_value:gamma|wrong_type:quantity|wrong_value:checksum,,,05b5ea6761f0183014307d3edf4ccf81bee067b8f15b83c6fc3d0686c5926678
primary_accuracy,us-east-1,deepseek-v4-long-context-retrieval-v1.1.0:deepseek-v4-pro:multi_hop_join:512k:beginning:r2,deepseek-v4-pro,multi_hop_join,512k,beginning,2,strict_exact_match,200,stop,wrong_value:alpha|wrong_value:beta|wrong_value:gamma|wrong_type:quantity|wrong_value:checksum,,,65cb57ea16f3952f452290431925c4385419721aeebdf2ca72dd9238ae2c2b1d
primary_accuracy,us-east-1,deepseek-v4-long-context-retrieval-v1.1.0:deepseek-v4-pro:multi_hop_join:512k:beginning:r3,deepseek-v4-pro,multi_hop_join,512k,beginning,3,strict_exact_match,200,stop,wrong_value:alpha|wrong_value:beta|wrong_value:gamma|wrong_value:quantity|wrong_value:checksum,,,85425b0e06f273cad7c264978fdad11d67127debe17e25669a6a464603c9f108
primary_accuracy,us-east-1,deepseek-v4-long-context-retrieval-v1.1.0:deepseek-v4-pro:multi_hop_join:512k:end:r1,deepseek-v4-pro,multi_hop_join,512k,end,1,strict_exact_match,200,stop,wrong_value:alpha|wrong_value:beta|wrong_value:gamma|wrong_type:quantity|wrong_value:checksum,,,48e829afe33e41bd2abcfa6c68e9dd1f16fa516a48dc3f1a306262bacfbb4ece
primary_accuracy,us-east-1,deepseek-v4-long-context-retrieval-v1.1.0:deepseek-v4-pro:multi_hop_join:512k:end:r2,deepseek-v4-pro,multi_hop_join,512k,end,2,strict_exact_match,200,stop,wrong_value:alpha|wrong_value:beta|wrong_value:gamma|wrong_type:quantity|wrong_value:checksum,,,6f4c1ebf65380f86884363a2dd4e05e740c74c80b4de2f7647f976ebf76f5686
primary_accuracy,us-east-1,deepseek-v4-long-context-retrieval-v1.1.0:deepseek-v4-pro:multi_hop_join:512k:end:r3,deepseek-v4-pro,multi_hop_join,512k,end,3,strict_exact_match,200,stop,wrong_value:alpha|wrong_value:beta|wrong_value:gamma|wrong_type:quantity|wrong_value:checksum,,,a84d4c4d56fd9fb3e210f5fd216b87098afa41c2bb3cadf93a537561388695b5
primary_accuracy,us-east-1,deepseek-v4-long-context-retrieval-v1.1.0:deepseek-v4-pro:multi_hop_join:512k:middle:r1,deepseek-v4-pro,multi_hop_join,512k,middle,1,strict_exact_match,200,stop,wrong_value:alpha|wrong_value:beta|wrong_value:gamma|wrong_type:quantity|wrong_value:checksum,,,4390472cfa4be756470c460a190dad88b7c524e79b0e80bddd216e7e4f7d5f80
primary_accuracy,us-east-1,deepseek-v4-long-context-retrieval-v1.1.0:deepseek-v4-pro:multi_hop_join:512k:middle:r2,deepseek-v4-pro,multi_hop_join,512k,middle,2,strict_exact_match,200,stop,wrong_value:alpha|wrong_value:beta|wrong_value:gamma|wrong_type:quantity|wrong_value:checksum,,,7eaaece2a40e7ac7536525ba45c46ae06572e198a9e2b738f92e61ceeba534c3
primary_accuracy,us-east-1,deepseek-v4-long-context-retrieval-v1.1.0:deepseek-v4-pro:multi_hop_join:512k:middle:r3,deepseek-v4-pro,multi_hop_join,512k,middle,3,strict_exact_match,200,stop,wrong_value:alpha|wrong_value:beta|wrong_value:gamma|wrong_type:quantity|wrong_value:checksum,,,f1e34bec0d3215cabe509841c1462be92bd3f5336390bf544585b39b16efef09
primary_accuracy,us-east-1,deepseek-v4-long-context-retrieval-v1.1.0:deepseek-v4-pro:multi_hop_join:950k:beginning:r1,deepseek-v4-pro,multi_hop_join,950k,beginning,1,strict_exact_match,200,stop,wrong_value:linked_key|wrong_value:alpha|wrong_value:beta|wrong_value:gamma|wrong_type:quantity|wrong_value:checksum,,,e068640f03946a440c5ea4d2b26584f0845c6db069294c96d1d8db831c735ef2
primary_accuracy,us-east-1,deepseek-v4-long-context-retrieval-v1.1.0:deepseek-v4-pro:multi_hop_join:950k:beginning:r2,deepseek-v4-pro,multi_hop_join,950k,beginning,2,strict_exact_match,200,stop,wrong_value:alpha|wrong_value:beta|wrong_value:gamma|wrong_type:quantity|wrong_value:checksum,,,d58a2d23fbabc9ef58ef6a0565733fef642435f640ee302c0d7b156aefec8e8d
primary_accuracy,us-east-1,deepseek-v4-long-context-retrieval-v1.1.0:deepseek-v4-pro:multi_hop_join:950k:beginning:r3,deepseek-v4-pro,multi_hop_join,950k,beginning,3,strict_exact_match,200,stop,wrong_value:alpha|wrong_value:beta|wrong_value:gamma|wrong_type:quantity|wrong_value:checksum,,,75806c15629f957e123f84826edfa13d441b63aa5733511d8a27dc107a99b0c1
primary_accuracy,us-east-1,deepseek-v4-long-context-retrieval-v1.1.0:deepseek-v4-pro:multi_hop_join:950k:end:r1,deepseek-v4-pro,multi_hop_join,950k,end,1,strict_exact_match,200,stop,wrong_value:alpha|wrong_value:beta|wrong_value:gamma|wrong_type:quantity|wrong_value:checksum,,,3943a323b5f79daa03b58c483912d17b5b3caddf6268e5da2c92a0b9e20925d5
primary_accuracy,us-east-1,deepseek-v4-long-context-retrieval-v1.1.0:deepseek-v4-pro:multi_hop_join:950k:end:r2,deepseek-v4-pro,multi_hop_join,950k,end,2,strict_exact_match,200,stop,wrong_value:alpha|wrong_value:beta|wrong_value:gamma|wrong_type:quantity|wrong_value:checksum,,,398b507fd897adf343738cb020a8ff17c49b18f76d260ae49350597488671762
primary_accuracy,us-east-1,deepseek-v4-long-context-retrieval-v1.1.0:deepseek-v4-pro:multi_hop_join:950k:end:r3,deepseek-v4-pro,multi_hop_join,950k,end,3,strict_exact_match,200,stop,wrong_value:alpha|wrong_value:beta|wrong_value:gamma|wrong_type:quantity|wrong_value:checksum,,,ea5827f54413246d2262a44fdb9b863c45824312e88e0c7f351814d0422dfa55
primary_accuracy,us-east-1,deepseek-v4-long-context-retrieval-v1.1.0:deepseek-v4-pro:multi_hop_join:950k:middle:r1,deepseek-v4-pro,multi_hop_join,950k,middle,1,strict_exact_match,200,stop,wrong_value:alpha|wrong_value:beta|wrong_value:gamma|wrong_type:quantity|wrong_value:checksum,,,bef2b0eb87aa7b5edea2f96d579130820d737a6336e9323a5b49f70a00bb6be5
primary_accuracy,us-east-1,deepseek-v4-long-context-retrieval-v1.1.0:deepseek-v4-pro:multi_hop_join:950k:middle:r2,deepseek-v4-pro,multi_hop_join,950k,middle,2,strict_exact_match,200,stop,wrong_value:alpha|wrong_value:beta|wrong_value:gamma|wrong_type:quantity|wrong_value:checksum,,,ed662aff7c93b23332d5c719fef4fd4be1dabff38c4c66ebdf317a883e988e7e
primary_accuracy,us-east-1,deepseek-v4-long-context-retrieval-v1.1.0:deepseek-v4-pro:multi_hop_join:950k:middle:r3,deepseek-v4-pro,multi_hop_join,950k,middle,3,strict_exact_match,200,stop,wrong_value:alpha|wrong_value:beta|wrong_type:quantity|wrong_value:checksum,,,2ebc71c27923fa5cb760bcc393953d1c56c5660b3d9844accb6c3be0edc73f14
primary_accuracy,us-east-1,deepseek-v4-long-context-retrieval-v1.1.0:deepseek-v4-pro:single_record:128k:beginning:r2,deepseek-v4-pro,single_record,128k,beginning,2,strict_exact_match,200,stop,wrong_value:checksum,,,cfc9a11306786cc05f25d9dd1634adf7b40736309147fe6665f6b7420270ef3c
primary_accuracy,us-east-1,deepseek-v4-long-context-retrieval-v1.1.0:deepseek-v4-pro:single_record:32k:middle:r1,deepseek-v4-pro,single_record,32k,middle,1,strict_exact_match,200,stop,wrong_value:checksum,,,a2f6efaf8739d3d2adbc44a0358ebdbf3e54ccc76e222d76ce96fab7d4e9c777
primary_accuracy,us-east-1,deepseek-v4-long-context-retrieval-v1.1.0:deepseek-v4-pro:single_record:512k:end:r1,deepseek-v4-pro,single_record,512k,end,1,strict_exact_match,200,stop,wrong_type:quantity,,,0b2aeec40aa0dfbbfdb359b010eaa67e24d772b63bed5f739a545687148cf2da
primary_accuracy,us-east-1,deepseek-v4-long-context-retrieval-v1.1.0:deepseek-v4-pro:single_record:512k:middle:r1,deepseek-v4-pro,single_record,512k,middle,1,strict_exact_match,200,stop,wrong_value:checksum,,,2d20e111336b39f0a8e182b679c004b77cbaad292178ec5e2c4d035c993c9abc
primary_accuracy,us-east-1,deepseek-v4-long-context-retrieval-v1.1.0:deepseek-v4-pro:single_record:512k:middle:r3,deepseek-v4-pro,single_record,512k,middle,3,strict_exact_match,200,stop,wrong_type:quantity,,,328c918a76df39896f65eb7294629eea584e6ff28c87cfca17d951435541ef1c
primary_accuracy,us-east-1,deepseek-v4-long-context-retrieval-v1.1.0:deepseek-v4-pro:single_record:950k:end:r2,deepseek-v4-pro,single_record,950k,end,2,strict_exact_match,200,stop,wrong_type:quantity,,,330a7315998d35b2457420e406dbbe6ad7e43e7cde13704b53dfc3a309962478
primary_accuracy,us-east-1,deepseek-v4-long-context-retrieval-v1.1.0:deepseek-v4-pro:single_record:950k:middle:r1,deepseek-v4-pro,single_record,950k,middle,1,strict_exact_match,200,stop,wrong_type:quantity,,,23af9ba14ad2b4ee5fe78fb538ff033c60b5ed29ecf72e6645137d24aa221af8
primary_accuracy,us-east-1,deepseek-v4-long-context-retrieval-v1.1.0:deepseek-v4-pro:single_record:950k:middle:r2,deepseek-v4-pro,single_record,950k,middle,2,strict_exact_match,200,stop,wrong_type:quantity,,,8d68cde3743eb2cb7a710781a4cb925f616af4ea48c0711dd0e513c0725773ce
primary_accuracy,us-east-1,deepseek-v4-long-context-retrieval-v1.1.0:deepseek-v4-pro:single_record:950k:middle:r3,deepseek-v4-pro,single_record,950k,middle,3,strict_exact_match,200,stop,wrong_value:checksum,,,68341694632c754c4681c51232ad5e3ad7585736ede72b7a4c31c678b6177482
