presentation_sequence,analysis_role,region_vantage,case_id,model_id,family_id,tier_id,position_id,repeat,included_in_primary_accuracy,automatic_retry_allowed
1,india_latency_validation,ap-south-1,deepseek-v4-long-context-retrieval-v1.1.0:deepseek-v4-flash:single_record:32k:beginning:r1,deepseek-v4-flash,single_record,32k,beginning,1,false,false
2,india_latency_validation,ap-south-1,deepseek-v4-long-context-retrieval-v1.1.0:deepseek-v4-flash:single_record:32k:beginning:r2,deepseek-v4-flash,single_record,32k,beginning,2,false,false
3,india_latency_validation,ap-south-1,deepseek-v4-long-context-retrieval-v1.1.0:deepseek-v4-flash:single_record:32k:beginning:r3,deepseek-v4-flash,single_record,32k,beginning,3,false,false
4,india_latency_validation,ap-south-1,deepseek-v4-long-context-retrieval-v1.1.0:deepseek-v4-flash:single_record:32k:end:r1,deepseek-v4-flash,single_record,32k,end,1,false,false
5,india_latency_validation,ap-south-1,deepseek-v4-long-context-retrieval-v1.1.0:deepseek-v4-flash:single_record:32k:end:r2,deepseek-v4-flash,single_record,32k,end,2,false,false
6,india_latency_validation,ap-south-1,deepseek-v4-long-context-retrieval-v1.1.0:deepseek-v4-flash:single_record:32k:end:r3,deepseek-v4-flash,single_record,32k,end,3,false,false
7,india_latency_validation,ap-south-1,deepseek-v4-long-context-retrieval-v1.1.0:deepseek-v4-flash:single_record:32k:middle:r1,deepseek-v4-flash,single_record,32k,middle,1,false,false
8,india_latency_validation,ap-south-1,deepseek-v4-long-context-retrieval-v1.1.0:deepseek-v4-flash:single_record:32k:middle:r2,deepseek-v4-flash,single_record,32k,middle,2,false,false
9,india_latency_validation,ap-south-1,deepseek-v4-long-context-retrieval-v1.1.0:deepseek-v4-flash:single_record:32k:middle:r3,deepseek-v4-flash,single_record,32k,middle,3,false,false
10,india_latency_validation,ap-south-1,deepseek-v4-long-context-retrieval-v1.1.0:deepseek-v4-flash:single_record:950k:beginning:r1,deepseek-v4-flash,single_record,950k,beginning,1,false,false
11,india_latency_validation,ap-south-1,deepseek-v4-long-context-retrieval-v1.1.0:deepseek-v4-flash:single_record:950k:beginning:r2,deepseek-v4-flash,single_record,950k,beginning,2,false,false
12,india_latency_validation,ap-south-1,deepseek-v4-long-context-retrieval-v1.1.0:deepseek-v4-flash:single_record:950k:beginning:r3,deepseek-v4-flash,single_record,950k,beginning,3,false,false
13,india_latency_validation,ap-south-1,deepseek-v4-long-context-retrieval-v1.1.0:deepseek-v4-flash:single_record:950k:end:r1,deepseek-v4-flash,single_record,950k,end,1,false,false
14,india_latency_validation,ap-south-1,deepseek-v4-long-context-retrieval-v1.1.0:deepseek-v4-flash:single_record:950k:end:r2,deepseek-v4-flash,single_record,950k,end,2,false,false
15,india_latency_validation,ap-south-1,deepseek-v4-long-context-retrieval-v1.1.0:deepseek-v4-flash:single_record:950k:end:r3,deepseek-v4-flash,single_record,950k,end,3,false,false
16,india_latency_validation,ap-south-1,deepseek-v4-long-context-retrieval-v1.1.0:deepseek-v4-flash:single_record:950k:middle:r1,deepseek-v4-flash,single_record,950k,middle,1,false,false
17,india_latency_validation,ap-south-1,deepseek-v4-long-context-retrieval-v1.1.0:deepseek-v4-flash:single_record:950k:middle:r2,deepseek-v4-flash,single_record,950k,middle,2,false,false
18,india_latency_validation,ap-south-1,deepseek-v4-long-context-retrieval-v1.1.0:deepseek-v4-flash:single_record:950k:middle:r3,deepseek-v4-flash,single_record,950k,middle,3,false,false
19,india_latency_validation,ap-south-1,deepseek-v4-long-context-retrieval-v1.1.0:deepseek-v4-pro:single_record:32k:beginning:r1,deepseek-v4-pro,single_record,32k,beginning,1,false,false
20,india_latency_validation,ap-south-1,deepseek-v4-long-context-retrieval-v1.1.0:deepseek-v4-pro:single_record:32k:beginning:r2,deepseek-v4-pro,single_record,32k,beginning,2,false,false
21,india_latency_validation,ap-south-1,deepseek-v4-long-context-retrieval-v1.1.0:deepseek-v4-pro:single_record:32k:beginning:r3,deepseek-v4-pro,single_record,32k,beginning,3,false,false
22,india_latency_validation,ap-south-1,deepseek-v4-long-context-retrieval-v1.1.0:deepseek-v4-pro:single_record:32k:end:r1,deepseek-v4-pro,single_record,32k,end,1,false,false
23,india_latency_validation,ap-south-1,deepseek-v4-long-context-retrieval-v1.1.0:deepseek-v4-pro:single_record:32k:end:r2,deepseek-v4-pro,single_record,32k,end,2,false,false
24,india_latency_validation,ap-south-1,deepseek-v4-long-context-retrieval-v1.1.0:deepseek-v4-pro:single_record:32k:end:r3,deepseek-v4-pro,single_record,32k,end,3,false,false
25,india_latency_validation,ap-south-1,deepseek-v4-long-context-retrieval-v1.1.0:deepseek-v4-pro:single_record:32k:middle:r1,deepseek-v4-pro,single_record,32k,middle,1,false,false
26,india_latency_validation,ap-south-1,deepseek-v4-long-context-retrieval-v1.1.0:deepseek-v4-pro:single_record:32k:middle:r2,deepseek-v4-pro,single_record,32k,middle,2,false,false
27,india_latency_validation,ap-south-1,deepseek-v4-long-context-retrieval-v1.1.0:deepseek-v4-pro:single_record:32k:middle:r3,deepseek-v4-pro,single_record,32k,middle,3,false,false
28,india_latency_validation,ap-south-1,deepseek-v4-long-context-retrieval-v1.1.0:deepseek-v4-pro:single_record:950k:beginning:r1,deepseek-v4-pro,single_record,950k,beginning,1,false,false
29,india_latency_validation,ap-south-1,deepseek-v4-long-context-retrieval-v1.1.0:deepseek-v4-pro:single_record:950k:beginning:r2,deepseek-v4-pro,single_record,950k,beginning,2,false,false
30,india_latency_validation,ap-south-1,deepseek-v4-long-context-retrieval-v1.1.0:deepseek-v4-pro:single_record:950k:beginning:r3,deepseek-v4-pro,single_record,950k,beginning,3,false,false
31,india_latency_validation,ap-south-1,deepseek-v4-long-context-retrieval-v1.1.0:deepseek-v4-pro:single_record:950k:end:r1,deepseek-v4-pro,single_record,950k,end,1,false,false
32,india_latency_validation,ap-south-1,deepseek-v4-long-context-retrieval-v1.1.0:deepseek-v4-pro:single_record:950k:end:r2,deepseek-v4-pro,single_record,950k,end,2,false,false
33,india_latency_validation,ap-south-1,deepseek-v4-long-context-retrieval-v1.1.0:deepseek-v4-pro:single_record:950k:end:r3,deepseek-v4-pro,single_record,950k,end,3,false,false
34,india_latency_validation,ap-south-1,deepseek-v4-long-context-retrieval-v1.1.0:deepseek-v4-pro:single_record:950k:middle:r1,deepseek-v4-pro,single_record,950k,middle,1,false,false
35,india_latency_validation,ap-south-1,deepseek-v4-long-context-retrieval-v1.1.0:deepseek-v4-pro:single_record:950k:middle:r2,deepseek-v4-pro,single_record,950k,middle,2,false,false
36,india_latency_validation,ap-south-1,deepseek-v4-long-context-retrieval-v1.1.0:deepseek-v4-pro:single_record:950k:middle:r3,deepseek-v4-pro,single_record,950k,middle,3,false,false
37,pilot_excluded,ap-south-1,deepseek-v4-long-context-retrieval-v1.1.0:deepseek-v4-flash:event_ordering:32k:middle:r1:pilot:ap-south-1:e9a86153073a23cb,deepseek-v4-flash,event_ordering,32k,middle,1,false,false
38,pilot_excluded,ap-south-1,deepseek-v4-long-context-retrieval-v1.1.0:deepseek-v4-flash:latest_version:32k:middle:r1:pilot:ap-south-1:6e6ad6de1611b1f8,deepseek-v4-flash,latest_version,32k,middle,1,false,false
39,pilot_excluded,ap-south-1,deepseek-v4-long-context-retrieval-v1.1.0:deepseek-v4-flash:multi_hop_join:32k:middle:r1:pilot:ap-south-1:892069766f9c93f4,deepseek-v4-flash,multi_hop_join,32k,middle,1,false,false
40,pilot_excluded,ap-south-1,deepseek-v4-long-context-retrieval-v1.1.0:deepseek-v4-flash:single_record:32k:middle:r1:pilot:ap-south-1:6761fc410508b0b4,deepseek-v4-flash,single_record,32k,middle,1,false,false
41,pilot_excluded,ap-south-1,deepseek-v4-long-context-retrieval-v1.1.0:deepseek-v4-flash:single_record:950k:middle:r1:pilot:ap-south-1:e3c669a2f8bc4070,deepseek-v4-flash,single_record,950k,middle,1,false,false
42,pilot_excluded,ap-south-1,deepseek-v4-long-context-retrieval-v1.1.0:deepseek-v4-pro:event_ordering:32k:middle:r1:pilot:ap-south-1:e9a86153073a23cb,deepseek-v4-pro,event_ordering,32k,middle,1,false,false
43,pilot_excluded,ap-south-1,deepseek-v4-long-context-retrieval-v1.1.0:deepseek-v4-pro:latest_version:32k:middle:r1:pilot:ap-south-1:6e6ad6de1611b1f8,deepseek-v4-pro,latest_version,32k,middle,1,false,false
44,pilot_excluded,ap-south-1,deepseek-v4-long-context-retrieval-v1.1.0:deepseek-v4-pro:multi_hop_join:32k:middle:r1:pilot:ap-south-1:892069766f9c93f4,deepseek-v4-pro,multi_hop_join,32k,middle,1,false,false
45,pilot_excluded,ap-south-1,deepseek-v4-long-context-retrieval-v1.1.0:deepseek-v4-pro:single_record:32k:middle:r1:pilot:ap-south-1:6761fc410508b0b4,deepseek-v4-pro,single_record,32k,middle,1,false,false
46,pilot_excluded,ap-south-1,deepseek-v4-long-context-retrieval-v1.1.0:deepseek-v4-pro:single_record:950k:middle:r1:pilot:ap-south-1:e3c669a2f8bc4070,deepseek-v4-pro,single_record,950k,middle,1,false,false
47,pilot_excluded,us-east-1,deepseek-v4-long-context-retrieval-v1.1.0:deepseek-v4-flash:event_ordering:32k:middle:r1:pilot:us-east-1:a8f3f14ea88cee6b,deepseek-v4-flash,event_ordering,32k,middle,1,false,false
48,pilot_excluded,us-east-1,deepseek-v4-long-context-retrieval-v1.1.0:deepseek-v4-flash:latest_version:32k:middle:r1:pilot:us-east-1:024bf57848d65bca,deepseek-v4-flash,latest_version,32k,middle,1,false,false
49,pilot_excluded,us-east-1,deepseek-v4-long-context-retrieval-v1.1.0:deepseek-v4-flash:multi_hop_join:32k:middle:r1:pilot:us-east-1:4ad37986d49d1705,deepseek-v4-flash,multi_hop_join,32k,middle,1,false,false
50,pilot_excluded,us-east-1,deepseek-v4-long-context-retrieval-v1.1.0:deepseek-v4-flash:single_record:32k:middle:r1:pilot:us-east-1:71b49585536f6151,deepseek-v4-flash,single_record,32k,middle,1,false,false
51,pilot_excluded,us-east-1,deepseek-v4-long-context-retrieval-v1.1.0:deepseek-v4-flash:single_record:950k:middle:r1:pilot:us-east-1:7d5cc0a363efff04,deepseek-v4-flash,single_record,950k,middle,1,false,false
52,pilot_excluded,us-east-1,deepseek-v4-long-context-retrieval-v1.1.0:deepseek-v4-pro:event_ordering:32k:middle:r1:pilot:us-east-1:a8f3f14ea88cee6b,deepseek-v4-pro,event_ordering,32k,middle,1,false,false
53,pilot_excluded,us-east-1,deepseek-v4-long-context-retrieval-v1.1.0:deepseek-v4-pro:latest_version:32k:middle:r1:pilot:us-east-1:024bf57848d65bca,deepseek-v4-pro,latest_version,32k,middle,1,false,false
54,pilot_excluded,us-east-1,deepseek-v4-long-context-retrieval-v1.1.0:deepseek-v4-pro:multi_hop_join:32k:middle:r1:pilot:us-east-1:4ad37986d49d1705,deepseek-v4-pro,multi_hop_join,32k,middle,1,false,false
55,pilot_excluded,us-east-1,deepseek-v4-long-context-retrieval-v1.1.0:deepseek-v4-pro:single_record:32k:middle:r1:pilot:us-east-1:71b49585536f6151,deepseek-v4-pro,single_record,32k,middle,1,false,false
56,pilot_excluded,us-east-1,deepseek-v4-long-context-retrieval-v1.1.0:deepseek-v4-pro:single_record:950k:middle:r1:pilot:us-east-1:7d5cc0a363efff04,deepseek-v4-pro,single_record,950k,middle,1,false,false
57,primary_accuracy,us-east-1,deepseek-v4-long-context-retrieval-v1.1.0:deepseek-v4-flash:event_ordering:128k:beginning:r1,deepseek-v4-flash,event_ordering,128k,beginning,1,true,false
58,primary_accuracy,us-east-1,deepseek-v4-long-context-retrieval-v1.1.0:deepseek-v4-flash:event_ordering:128k:beginning:r2,deepseek-v4-flash,event_ordering,128k,beginning,2,true,false
59,primary_accuracy,us-east-1,deepseek-v4-long-context-retrieval-v1.1.0:deepseek-v4-flash:event_ordering:128k:beginning:r3,deepseek-v4-flash,event_ordering,128k,beginning,3,true,false
60,primary_accuracy,us-east-1,deepseek-v4-long-context-retrieval-v1.1.0:deepseek-v4-flash:event_ordering:128k:end:r1,deepseek-v4-flash,event_ordering,128k,end,1,true,false
61,primary_accuracy,us-east-1,deepseek-v4-long-context-retrieval-v1.1.0:deepseek-v4-flash:event_ordering:128k:end:r2,deepseek-v4-flash,event_ordering,128k,end,2,true,false
62,primary_accuracy,us-east-1,deepseek-v4-long-context-retrieval-v1.1.0:deepseek-v4-flash:event_ordering:128k:end:r3,deepseek-v4-flash,event_ordering,128k,end,3,true,false
63,primary_accuracy,us-east-1,deepseek-v4-long-context-retrieval-v1.1.0:deepseek-v4-flash:event_ordering:128k:middle:r1,deepseek-v4-flash,event_ordering,128k,middle,1,true,false
64,primary_accuracy,us-east-1,deepseek-v4-long-context-retrieval-v1.1.0:deepseek-v4-flash:event_ordering:128k:middle:r2,deepseek-v4-flash,event_ordering,128k,middle,2,true,false
65,primary_accuracy,us-east-1,deepseek-v4-long-context-retrieval-v1.1.0:deepseek-v4-flash:event_ordering:128k:middle:r3,deepseek-v4-flash,event_ordering,128k,middle,3,true,false
66,primary_accuracy,us-east-1,deepseek-v4-long-context-retrieval-v1.1.0:deepseek-v4-flash:event_ordering:32k:beginning:r1,deepseek-v4-flash,event_ordering,32k,beginning,1,true,false
67,primary_accuracy,us-east-1,deepseek-v4-long-context-retrieval-v1.1.0:deepseek-v4-flash:event_ordering:32k:beginning:r2,deepseek-v4-flash,event_ordering,32k,beginning,2,true,false
68,primary_accuracy,us-east-1,deepseek-v4-long-context-retrieval-v1.1.0:deepseek-v4-flash:event_ordering:32k:beginning:r3,deepseek-v4-flash,event_ordering,32k,beginning,3,true,false
69,primary_accuracy,us-east-1,deepseek-v4-long-context-retrieval-v1.1.0:deepseek-v4-flash:event_ordering:32k:end:r1,deepseek-v4-flash,event_ordering,32k,end,1,true,false
70,primary_accuracy,us-east-1,deepseek-v4-long-context-retrieval-v1.1.0:deepseek-v4-flash:event_ordering:32k:end:r2,deepseek-v4-flash,event_ordering,32k,end,2,true,false
71,primary_accuracy,us-east-1,deepseek-v4-long-context-retrieval-v1.1.0:deepseek-v4-flash:event_ordering:32k:end:r3,deepseek-v4-flash,event_ordering,32k,end,3,true,false
72,primary_accuracy,us-east-1,deepseek-v4-long-context-retrieval-v1.1.0:deepseek-v4-flash:event_ordering:32k:middle:r1,deepseek-v4-flash,event_ordering,32k,middle,1,true,false
73,primary_accuracy,us-east-1,deepseek-v4-long-context-retrieval-v1.1.0:deepseek-v4-flash:event_ordering:32k:middle:r2,deepseek-v4-flash,event_ordering,32k,middle,2,true,false
74,primary_accuracy,us-east-1,deepseek-v4-long-context-retrieval-v1.1.0:deepseek-v4-flash:event_ordering:32k:middle:r3,deepseek-v4-flash,event_ordering,32k,middle,3,true,false
75,primary_accuracy,us-east-1,deepseek-v4-long-context-retrieval-v1.1.0:deepseek-v4-flash:event_ordering:512k:beginning:r1,deepseek-v4-flash,event_ordering,512k,beginning,1,true,false
76,primary_accuracy,us-east-1,deepseek-v4-long-context-retrieval-v1.1.0:deepseek-v4-flash:event_ordering:512k:beginning:r2,deepseek-v4-flash,event_ordering,512k,beginning,2,true,false
77,primary_accuracy,us-east-1,deepseek-v4-long-context-retrieval-v1.1.0:deepseek-v4-flash:event_ordering:512k:beginning:r3,deepseek-v4-flash,event_ordering,512k,beginning,3,true,false
78,primary_accuracy,us-east-1,deepseek-v4-long-context-retrieval-v1.1.0:deepseek-v4-flash:event_ordering:512k:end:r1,deepseek-v4-flash,event_ordering,512k,end,1,true,false
79,primary_accuracy,us-east-1,deepseek-v4-long-context-retrieval-v1.1.0:deepseek-v4-flash:event_ordering:512k:end:r2,deepseek-v4-flash,event_ordering,512k,end,2,true,false
80,primary_accuracy,us-east-1,deepseek-v4-long-context-retrieval-v1.1.0:deepseek-v4-flash:event_ordering:512k:end:r3,deepseek-v4-flash,event_ordering,512k,end,3,true,false
81,primary_accuracy,us-east-1,deepseek-v4-long-context-retrieval-v1.1.0:deepseek-v4-flash:event_ordering:512k:middle:r1,deepseek-v4-flash,event_ordering,512k,middle,1,true,false
82,primary_accuracy,us-east-1,deepseek-v4-long-context-retrieval-v1.1.0:deepseek-v4-flash:event_ordering:512k:middle:r2,deepseek-v4-flash,event_ordering,512k,middle,2,true,false
83,primary_accuracy,us-east-1,deepseek-v4-long-context-retrieval-v1.1.0:deepseek-v4-flash:event_ordering:512k:middle:r3,deepseek-v4-flash,event_ordering,512k,middle,3,true,false
84,primary_accuracy,us-east-1,deepseek-v4-long-context-retrieval-v1.1.0:deepseek-v4-flash:event_ordering:950k:beginning:r1,deepseek-v4-flash,event_ordering,950k,beginning,1,true,false
85,primary_accuracy,us-east-1,deepseek-v4-long-context-retrieval-v1.1.0:deepseek-v4-flash:event_ordering:950k:beginning:r2,deepseek-v4-flash,event_ordering,950k,beginning,2,true,false
86,primary_accuracy,us-east-1,deepseek-v4-long-context-retrieval-v1.1.0:deepseek-v4-flash:event_ordering:950k:beginning:r3,deepseek-v4-flash,event_ordering,950k,beginning,3,true,false
87,primary_accuracy,us-east-1,deepseek-v4-long-context-retrieval-v1.1.0:deepseek-v4-flash:event_ordering:950k:end:r1,deepseek-v4-flash,event_ordering,950k,end,1,true,false
88,primary_accuracy,us-east-1,deepseek-v4-long-context-retrieval-v1.1.0:deepseek-v4-flash:event_ordering:950k:end:r2,deepseek-v4-flash,event_ordering,950k,end,2,true,false
89,primary_accuracy,us-east-1,deepseek-v4-long-context-retrieval-v1.1.0:deepseek-v4-flash:event_ordering:950k:end:r3,deepseek-v4-flash,event_ordering,950k,end,3,true,false
90,primary_accuracy,us-east-1,deepseek-v4-long-context-retrieval-v1.1.0:deepseek-v4-flash:event_ordering:950k:middle:r1,deepseek-v4-flash,event_ordering,950k,middle,1,true,false
91,primary_accuracy,us-east-1,deepseek-v4-long-context-retrieval-v1.1.0:deepseek-v4-flash:event_ordering:950k:middle:r2,deepseek-v4-flash,event_ordering,950k,middle,2,true,false
92,primary_accuracy,us-east-1,deepseek-v4-long-context-retrieval-v1.1.0:deepseek-v4-flash:event_ordering:950k:middle:r3,deepseek-v4-flash,event_ordering,950k,middle,3,true,false
93,primary_accuracy,us-east-1,deepseek-v4-long-context-retrieval-v1.1.0:deepseek-v4-flash:latest_version:128k:beginning:r1,deepseek-v4-flash,latest_version,128k,beginning,1,true,false
94,primary_accuracy,us-east-1,deepseek-v4-long-context-retrieval-v1.1.0:deepseek-v4-flash:latest_version:128k:beginning:r2,deepseek-v4-flash,latest_version,128k,beginning,2,true,false
95,primary_accuracy,us-east-1,deepseek-v4-long-context-retrieval-v1.1.0:deepseek-v4-flash:latest_version:128k:beginning:r3,deepseek-v4-flash,latest_version,128k,beginning,3,true,false
96,primary_accuracy,us-east-1,deepseek-v4-long-context-retrieval-v1.1.0:deepseek-v4-flash:latest_version:128k:end:r1,deepseek-v4-flash,latest_version,128k,end,1,true,false
97,primary_accuracy,us-east-1,deepseek-v4-long-context-retrieval-v1.1.0:deepseek-v4-flash:latest_version:128k:end:r2,deepseek-v4-flash,latest_version,128k,end,2,true,false
98,primary_accuracy,us-east-1,deepseek-v4-long-context-retrieval-v1.1.0:deepseek-v4-flash:latest_version:128k:end:r3,deepseek-v4-flash,latest_version,128k,end,3,true,false
99,primary_accuracy,us-east-1,deepseek-v4-long-context-retrieval-v1.1.0:deepseek-v4-flash:latest_version:128k:middle:r1,deepseek-v4-flash,latest_version,128k,middle,1,true,false
100,primary_accuracy,us-east-1,deepseek-v4-long-context-retrieval-v1.1.0:deepseek-v4-flash:latest_version:128k:middle:r2,deepseek-v4-flash,latest_version,128k,middle,2,true,false
101,primary_accuracy,us-east-1,deepseek-v4-long-context-retrieval-v1.1.0:deepseek-v4-flash:latest_version:128k:middle:r3,deepseek-v4-flash,latest_version,128k,middle,3,true,false
102,primary_accuracy,us-east-1,deepseek-v4-long-context-retrieval-v1.1.0:deepseek-v4-flash:latest_version:32k:beginning:r1,deepseek-v4-flash,latest_version,32k,beginning,1,true,false
103,primary_accuracy,us-east-1,deepseek-v4-long-context-retrieval-v1.1.0:deepseek-v4-flash:latest_version:32k:beginning:r2,deepseek-v4-flash,latest_version,32k,beginning,2,true,false
104,primary_accuracy,us-east-1,deepseek-v4-long-context-retrieval-v1.1.0:deepseek-v4-flash:latest_version:32k:beginning:r3,deepseek-v4-flash,latest_version,32k,beginning,3,true,false
105,primary_accuracy,us-east-1,deepseek-v4-long-context-retrieval-v1.1.0:deepseek-v4-flash:latest_version:32k:end:r1,deepseek-v4-flash,latest_version,32k,end,1,true,false
106,primary_accuracy,us-east-1,deepseek-v4-long-context-retrieval-v1.1.0:deepseek-v4-flash:latest_version:32k:end:r2,deepseek-v4-flash,latest_version,32k,end,2,true,false
107,primary_accuracy,us-east-1,deepseek-v4-long-context-retrieval-v1.1.0:deepseek-v4-flash:latest_version:32k:end:r3,deepseek-v4-flash,latest_version,32k,end,3,true,false
108,primary_accuracy,us-east-1,deepseek-v4-long-context-retrieval-v1.1.0:deepseek-v4-flash:latest_version:32k:middle:r1,deepseek-v4-flash,latest_version,32k,middle,1,true,false
109,primary_accuracy,us-east-1,deepseek-v4-long-context-retrieval-v1.1.0:deepseek-v4-flash:latest_version:32k:middle:r2,deepseek-v4-flash,latest_version,32k,middle,2,true,false
110,primary_accuracy,us-east-1,deepseek-v4-long-context-retrieval-v1.1.0:deepseek-v4-flash:latest_version:32k:middle:r3,deepseek-v4-flash,latest_version,32k,middle,3,true,false
111,primary_accuracy,us-east-1,deepseek-v4-long-context-retrieval-v1.1.0:deepseek-v4-flash:latest_version:512k:beginning:r1,deepseek-v4-flash,latest_version,512k,beginning,1,true,false
112,primary_accuracy,us-east-1,deepseek-v4-long-context-retrieval-v1.1.0:deepseek-v4-flash:latest_version:512k:beginning:r2,deepseek-v4-flash,latest_version,512k,beginning,2,true,false
113,primary_accuracy,us-east-1,deepseek-v4-long-context-retrieval-v1.1.0:deepseek-v4-flash:latest_version:512k:beginning:r3,deepseek-v4-flash,latest_version,512k,beginning,3,true,false
114,primary_accuracy,us-east-1,deepseek-v4-long-context-retrieval-v1.1.0:deepseek-v4-flash:latest_version:512k:end:r1,deepseek-v4-flash,latest_version,512k,end,1,true,false
115,primary_accuracy,us-east-1,deepseek-v4-long-context-retrieval-v1.1.0:deepseek-v4-flash:latest_version:512k:end:r2,deepseek-v4-flash,latest_version,512k,end,2,true,false
116,primary_accuracy,us-east-1,deepseek-v4-long-context-retrieval-v1.1.0:deepseek-v4-flash:latest_version:512k:end:r3,deepseek-v4-flash,latest_version,512k,end,3,true,false
117,primary_accuracy,us-east-1,deepseek-v4-long-context-retrieval-v1.1.0:deepseek-v4-flash:latest_version:512k:middle:r1,deepseek-v4-flash,latest_version,512k,middle,1,true,false
118,primary_accuracy,us-east-1,deepseek-v4-long-context-retrieval-v1.1.0:deepseek-v4-flash:latest_version:512k:middle:r2,deepseek-v4-flash,latest_version,512k,middle,2,true,false
119,primary_accuracy,us-east-1,deepseek-v4-long-context-retrieval-v1.1.0:deepseek-v4-flash:latest_version:512k:middle:r3,deepseek-v4-flash,latest_version,512k,middle,3,true,false
120,primary_accuracy,us-east-1,deepseek-v4-long-context-retrieval-v1.1.0:deepseek-v4-flash:latest_version:950k:beginning:r1,deepseek-v4-flash,latest_version,950k,beginning,1,true,false
121,primary_accuracy,us-east-1,deepseek-v4-long-context-retrieval-v1.1.0:deepseek-v4-flash:latest_version:950k:beginning:r2,deepseek-v4-flash,latest_version,950k,beginning,2,true,false
122,primary_accuracy,us-east-1,deepseek-v4-long-context-retrieval-v1.1.0:deepseek-v4-flash:latest_version:950k:beginning:r3,deepseek-v4-flash,latest_version,950k,beginning,3,true,false
123,primary_accuracy,us-east-1,deepseek-v4-long-context-retrieval-v1.1.0:deepseek-v4-flash:latest_version:950k:end:r1,deepseek-v4-flash,latest_version,950k,end,1,true,false
124,primary_accuracy,us-east-1,deepseek-v4-long-context-retrieval-v1.1.0:deepseek-v4-flash:latest_version:950k:end:r2,deepseek-v4-flash,latest_version,950k,end,2,true,false
125,primary_accuracy,us-east-1,deepseek-v4-long-context-retrieval-v1.1.0:deepseek-v4-flash:latest_version:950k:end:r3,deepseek-v4-flash,latest_version,950k,end,3,true,false
126,primary_accuracy,us-east-1,deepseek-v4-long-context-retrieval-v1.1.0:deepseek-v4-flash:latest_version:950k:middle:r1,deepseek-v4-flash,latest_version,950k,middle,1,true,false
127,primary_accuracy,us-east-1,deepseek-v4-long-context-retrieval-v1.1.0:deepseek-v4-flash:latest_version:950k:middle:r2,deepseek-v4-flash,latest_version,950k,middle,2,true,false
128,primary_accuracy,us-east-1,deepseek-v4-long-context-retrieval-v1.1.0:deepseek-v4-flash:latest_version:950k:middle:r3,deepseek-v4-flash,latest_version,950k,middle,3,true,false
129,primary_accuracy,us-east-1,deepseek-v4-long-context-retrieval-v1.1.0:deepseek-v4-flash:multi_hop_join:128k:beginning:r1,deepseek-v4-flash,multi_hop_join,128k,beginning,1,true,false
130,primary_accuracy,us-east-1,deepseek-v4-long-context-retrieval-v1.1.0:deepseek-v4-flash:multi_hop_join:128k:beginning:r2,deepseek-v4-flash,multi_hop_join,128k,beginning,2,true,false
131,primary_accuracy,us-east-1,deepseek-v4-long-context-retrieval-v1.1.0:deepseek-v4-flash:multi_hop_join:128k:beginning:r3,deepseek-v4-flash,multi_hop_join,128k,beginning,3,true,false
132,primary_accuracy,us-east-1,deepseek-v4-long-context-retrieval-v1.1.0:deepseek-v4-flash:multi_hop_join:128k:end:r1,deepseek-v4-flash,multi_hop_join,128k,end,1,true,false
133,primary_accuracy,us-east-1,deepseek-v4-long-context-retrieval-v1.1.0:deepseek-v4-flash:multi_hop_join:128k:end:r2,deepseek-v4-flash,multi_hop_join,128k,end,2,true,false
134,primary_accuracy,us-east-1,deepseek-v4-long-context-retrieval-v1.1.0:deepseek-v4-flash:multi_hop_join:128k:end:r3,deepseek-v4-flash,multi_hop_join,128k,end,3,true,false
135,primary_accuracy,us-east-1,deepseek-v4-long-context-retrieval-v1.1.0:deepseek-v4-flash:multi_hop_join:128k:middle:r1,deepseek-v4-flash,multi_hop_join,128k,middle,1,true,false
136,primary_accuracy,us-east-1,deepseek-v4-long-context-retrieval-v1.1.0:deepseek-v4-flash:multi_hop_join:128k:middle:r2,deepseek-v4-flash,multi_hop_join,128k,middle,2,true,false
137,primary_accuracy,us-east-1,deepseek-v4-long-context-retrieval-v1.1.0:deepseek-v4-flash:multi_hop_join:128k:middle:r3,deepseek-v4-flash,multi_hop_join,128k,middle,3,true,false
138,primary_accuracy,us-east-1,deepseek-v4-long-context-retrieval-v1.1.0:deepseek-v4-flash:multi_hop_join:32k:beginning:r1,deepseek-v4-flash,multi_hop_join,32k,beginning,1,true,false
139,primary_accuracy,us-east-1,deepseek-v4-long-context-retrieval-v1.1.0:deepseek-v4-flash:multi_hop_join:32k:beginning:r2,deepseek-v4-flash,multi_hop_join,32k,beginning,2,true,false
140,primary_accuracy,us-east-1,deepseek-v4-long-context-retrieval-v1.1.0:deepseek-v4-flash:multi_hop_join:32k:beginning:r3,deepseek-v4-flash,multi_hop_join,32k,beginning,3,true,false
141,primary_accuracy,us-east-1,deepseek-v4-long-context-retrieval-v1.1.0:deepseek-v4-flash:multi_hop_join:32k:end:r1,deepseek-v4-flash,multi_hop_join,32k,end,1,true,false
142,primary_accuracy,us-east-1,deepseek-v4-long-context-retrieval-v1.1.0:deepseek-v4-flash:multi_hop_join:32k:end:r2,deepseek-v4-flash,multi_hop_join,32k,end,2,true,false
143,primary_accuracy,us-east-1,deepseek-v4-long-context-retrieval-v1.1.0:deepseek-v4-flash:multi_hop_join:32k:end:r3,deepseek-v4-flash,multi_hop_join,32k,end,3,true,false
144,primary_accuracy,us-east-1,deepseek-v4-long-context-retrieval-v1.1.0:deepseek-v4-flash:multi_hop_join:32k:middle:r1,deepseek-v4-flash,multi_hop_join,32k,middle,1,true,false
145,primary_accuracy,us-east-1,deepseek-v4-long-context-retrieval-v1.1.0:deepseek-v4-flash:multi_hop_join:32k:middle:r2,deepseek-v4-flash,multi_hop_join,32k,middle,2,true,false
146,primary_accuracy,us-east-1,deepseek-v4-long-context-retrieval-v1.1.0:deepseek-v4-flash:multi_hop_join:32k:middle:r3,deepseek-v4-flash,multi_hop_join,32k,middle,3,true,false
147,primary_accuracy,us-east-1,deepseek-v4-long-context-retrieval-v1.1.0:deepseek-v4-flash:multi_hop_join:512k:beginning:r1,deepseek-v4-flash,multi_hop_join,512k,beginning,1,true,false
148,primary_accuracy,us-east-1,deepseek-v4-long-context-retrieval-v1.1.0:deepseek-v4-flash:multi_hop_join:512k:beginning:r2,deepseek-v4-flash,multi_hop_join,512k,beginning,2,true,false
149,primary_accuracy,us-east-1,deepseek-v4-long-context-retrieval-v1.1.0:deepseek-v4-flash:multi_hop_join:512k:beginning:r3,deepseek-v4-flash,multi_hop_join,512k,beginning,3,true,false
150,primary_accuracy,us-east-1,deepseek-v4-long-context-retrieval-v1.1.0:deepseek-v4-flash:multi_hop_join:512k:end:r1,deepseek-v4-flash,multi_hop_join,512k,end,1,true,false
151,primary_accuracy,us-east-1,deepseek-v4-long-context-retrieval-v1.1.0:deepseek-v4-flash:multi_hop_join:512k:end:r2,deepseek-v4-flash,multi_hop_join,512k,end,2,true,false
152,primary_accuracy,us-east-1,deepseek-v4-long-context-retrieval-v1.1.0:deepseek-v4-flash:multi_hop_join:512k:end:r3,deepseek-v4-flash,multi_hop_join,512k,end,3,true,false
153,primary_accuracy,us-east-1,deepseek-v4-long-context-retrieval-v1.1.0:deepseek-v4-flash:multi_hop_join:512k:middle:r1,deepseek-v4-flash,multi_hop_join,512k,middle,1,true,false
154,primary_accuracy,us-east-1,deepseek-v4-long-context-retrieval-v1.1.0:deepseek-v4-flash:multi_hop_join:512k:middle:r2,deepseek-v4-flash,multi_hop_join,512k,middle,2,true,false
155,primary_accuracy,us-east-1,deepseek-v4-long-context-retrieval-v1.1.0:deepseek-v4-flash:multi_hop_join:512k:middle:r3,deepseek-v4-flash,multi_hop_join,512k,middle,3,true,false
156,primary_accuracy,us-east-1,deepseek-v4-long-context-retrieval-v1.1.0:deepseek-v4-flash:multi_hop_join:950k:beginning:r1,deepseek-v4-flash,multi_hop_join,950k,beginning,1,true,false
157,primary_accuracy,us-east-1,deepseek-v4-long-context-retrieval-v1.1.0:deepseek-v4-flash:multi_hop_join:950k:beginning:r2,deepseek-v4-flash,multi_hop_join,950k,beginning,2,true,false
158,primary_accuracy,us-east-1,deepseek-v4-long-context-retrieval-v1.1.0:deepseek-v4-flash:multi_hop_join:950k:beginning:r3,deepseek-v4-flash,multi_hop_join,950k,beginning,3,true,false
159,primary_accuracy,us-east-1,deepseek-v4-long-context-retrieval-v1.1.0:deepseek-v4-flash:multi_hop_join:950k:end:r1,deepseek-v4-flash,multi_hop_join,950k,end,1,true,false
160,primary_accuracy,us-east-1,deepseek-v4-long-context-retrieval-v1.1.0:deepseek-v4-flash:multi_hop_join:950k:end:r2,deepseek-v4-flash,multi_hop_join,950k,end,2,true,false
161,primary_accuracy,us-east-1,deepseek-v4-long-context-retrieval-v1.1.0:deepseek-v4-flash:multi_hop_join:950k:end:r3,deepseek-v4-flash,multi_hop_join,950k,end,3,true,false
162,primary_accuracy,us-east-1,deepseek-v4-long-context-retrieval-v1.1.0:deepseek-v4-flash:multi_hop_join:950k:middle:r1,deepseek-v4-flash,multi_hop_join,950k,middle,1,true,false
163,primary_accuracy,us-east-1,deepseek-v4-long-context-retrieval-v1.1.0:deepseek-v4-flash:multi_hop_join:950k:middle:r2,deepseek-v4-flash,multi_hop_join,950k,middle,2,true,false
164,primary_accuracy,us-east-1,deepseek-v4-long-context-retrieval-v1.1.0:deepseek-v4-flash:multi_hop_join:950k:middle:r3,deepseek-v4-flash,multi_hop_join,950k,middle,3,true,false
165,primary_accuracy,us-east-1,deepseek-v4-long-context-retrieval-v1.1.0:deepseek-v4-flash:single_record:128k:beginning:r1,deepseek-v4-flash,single_record,128k,beginning,1,true,false
166,primary_accuracy,us-east-1,deepseek-v4-long-context-retrieval-v1.1.0:deepseek-v4-flash:single_record:128k:beginning:r2,deepseek-v4-flash,single_record,128k,beginning,2,true,false
167,primary_accuracy,us-east-1,deepseek-v4-long-context-retrieval-v1.1.0:deepseek-v4-flash:single_record:128k:beginning:r3,deepseek-v4-flash,single_record,128k,beginning,3,true,false
168,primary_accuracy,us-east-1,deepseek-v4-long-context-retrieval-v1.1.0:deepseek-v4-flash:single_record:128k:end:r1,deepseek-v4-flash,single_record,128k,end,1,true,false
169,primary_accuracy,us-east-1,deepseek-v4-long-context-retrieval-v1.1.0:deepseek-v4-flash:single_record:128k:end:r2,deepseek-v4-flash,single_record,128k,end,2,true,false
170,primary_accuracy,us-east-1,deepseek-v4-long-context-retrieval-v1.1.0:deepseek-v4-flash:single_record:128k:end:r3,deepseek-v4-flash,single_record,128k,end,3,true,false
171,primary_accuracy,us-east-1,deepseek-v4-long-context-retrieval-v1.1.0:deepseek-v4-flash:single_record:128k:middle:r1,deepseek-v4-flash,single_record,128k,middle,1,true,false
172,primary_accuracy,us-east-1,deepseek-v4-long-context-retrieval-v1.1.0:deepseek-v4-flash:single_record:128k:middle:r2,deepseek-v4-flash,single_record,128k,middle,2,true,false
173,primary_accuracy,us-east-1,deepseek-v4-long-context-retrieval-v1.1.0:deepseek-v4-flash:single_record:128k:middle:r3,deepseek-v4-flash,single_record,128k,middle,3,true,false
174,primary_accuracy,us-east-1,deepseek-v4-long-context-retrieval-v1.1.0:deepseek-v4-flash:single_record:32k:beginning:r1,deepseek-v4-flash,single_record,32k,beginning,1,true,false
175,primary_accuracy,us-east-1,deepseek-v4-long-context-retrieval-v1.1.0:deepseek-v4-flash:single_record:32k:beginning:r2,deepseek-v4-flash,single_record,32k,beginning,2,true,false
176,primary_accuracy,us-east-1,deepseek-v4-long-context-retrieval-v1.1.0:deepseek-v4-flash:single_record:32k:beginning:r3,deepseek-v4-flash,single_record,32k,beginning,3,true,false
177,primary_accuracy,us-east-1,deepseek-v4-long-context-retrieval-v1.1.0:deepseek-v4-flash:single_record:32k:end:r1,deepseek-v4-flash,single_record,32k,end,1,true,false
178,primary_accuracy,us-east-1,deepseek-v4-long-context-retrieval-v1.1.0:deepseek-v4-flash:single_record:32k:end:r2,deepseek-v4-flash,single_record,32k,end,2,true,false
179,primary_accuracy,us-east-1,deepseek-v4-long-context-retrieval-v1.1.0:deepseek-v4-flash:single_record:32k:end:r3,deepseek-v4-flash,single_record,32k,end,3,true,false
180,primary_accuracy,us-east-1,deepseek-v4-long-context-retrieval-v1.1.0:deepseek-v4-flash:single_record:32k:middle:r1,deepseek-v4-flash,single_record,32k,middle,1,true,false
181,primary_accuracy,us-east-1,deepseek-v4-long-context-retrieval-v1.1.0:deepseek-v4-flash:single_record:32k:middle:r2,deepseek-v4-flash,single_record,32k,middle,2,true,false
182,primary_accuracy,us-east-1,deepseek-v4-long-context-retrieval-v1.1.0:deepseek-v4-flash:single_record:32k:middle:r3,deepseek-v4-flash,single_record,32k,middle,3,true,false
183,primary_accuracy,us-east-1,deepseek-v4-long-context-retrieval-v1.1.0:deepseek-v4-flash:single_record:512k:beginning:r1,deepseek-v4-flash,single_record,512k,beginning,1,true,false
184,primary_accuracy,us-east-1,deepseek-v4-long-context-retrieval-v1.1.0:deepseek-v4-flash:single_record:512k:beginning:r2,deepseek-v4-flash,single_record,512k,beginning,2,true,false
185,primary_accuracy,us-east-1,deepseek-v4-long-context-retrieval-v1.1.0:deepseek-v4-flash:single_record:512k:beginning:r3,deepseek-v4-flash,single_record,512k,beginning,3,true,false
186,primary_accuracy,us-east-1,deepseek-v4-long-context-retrieval-v1.1.0:deepseek-v4-flash:single_record:512k:end:r1,deepseek-v4-flash,single_record,512k,end,1,true,false
187,primary_accuracy,us-east-1,deepseek-v4-long-context-retrieval-v1.1.0:deepseek-v4-flash:single_record:512k:end:r2,deepseek-v4-flash,single_record,512k,end,2,true,false
188,primary_accuracy,us-east-1,deepseek-v4-long-context-retrieval-v1.1.0:deepseek-v4-flash:single_record:512k:end:r3,deepseek-v4-flash,single_record,512k,end,3,true,false
189,primary_accuracy,us-east-1,deepseek-v4-long-context-retrieval-v1.1.0:deepseek-v4-flash:single_record:512k:middle:r1,deepseek-v4-flash,single_record,512k,middle,1,true,false
190,primary_accuracy,us-east-1,deepseek-v4-long-context-retrieval-v1.1.0:deepseek-v4-flash:single_record:512k:middle:r2,deepseek-v4-flash,single_record,512k,middle,2,true,false
191,primary_accuracy,us-east-1,deepseek-v4-long-context-retrieval-v1.1.0:deepseek-v4-flash:single_record:512k:middle:r3,deepseek-v4-flash,single_record,512k,middle,3,true,false
192,primary_accuracy,us-east-1,deepseek-v4-long-context-retrieval-v1.1.0:deepseek-v4-flash:single_record:950k:beginning:r1,deepseek-v4-flash,single_record,950k,beginning,1,true,false
193,primary_accuracy,us-east-1,deepseek-v4-long-context-retrieval-v1.1.0:deepseek-v4-flash:single_record:950k:beginning:r2,deepseek-v4-flash,single_record,950k,beginning,2,true,false
194,primary_accuracy,us-east-1,deepseek-v4-long-context-retrieval-v1.1.0:deepseek-v4-flash:single_record:950k:beginning:r3,deepseek-v4-flash,single_record,950k,beginning,3,true,false
195,primary_accuracy,us-east-1,deepseek-v4-long-context-retrieval-v1.1.0:deepseek-v4-flash:single_record:950k:end:r1,deepseek-v4-flash,single_record,950k,end,1,true,false
196,primary_accuracy,us-east-1,deepseek-v4-long-context-retrieval-v1.1.0:deepseek-v4-flash:single_record:950k:end:r2,deepseek-v4-flash,single_record,950k,end,2,true,false
197,primary_accuracy,us-east-1,deepseek-v4-long-context-retrieval-v1.1.0:deepseek-v4-flash:single_record:950k:end:r3,deepseek-v4-flash,single_record,950k,end,3,true,false
198,primary_accuracy,us-east-1,deepseek-v4-long-context-retrieval-v1.1.0:deepseek-v4-flash:single_record:950k:middle:r1,deepseek-v4-flash,single_record,950k,middle,1,true,false
199,primary_accuracy,us-east-1,deepseek-v4-long-context-retrieval-v1.1.0:deepseek-v4-flash:single_record:950k:middle:r2,deepseek-v4-flash,single_record,950k,middle,2,true,false
200,primary_accuracy,us-east-1,deepseek-v4-long-context-retrieval-v1.1.0:deepseek-v4-flash:single_record:950k:middle:r3,deepseek-v4-flash,single_record,950k,middle,3,true,false
201,primary_accuracy,us-east-1,deepseek-v4-long-context-retrieval-v1.1.0:deepseek-v4-pro:event_ordering:128k:beginning:r1,deepseek-v4-pro,event_ordering,128k,beginning,1,true,false
202,primary_accuracy,us-east-1,deepseek-v4-long-context-retrieval-v1.1.0:deepseek-v4-pro:event_ordering:128k:beginning:r2,deepseek-v4-pro,event_ordering,128k,beginning,2,true,false
203,primary_accuracy,us-east-1,deepseek-v4-long-context-retrieval-v1.1.0:deepseek-v4-pro:event_ordering:128k:beginning:r3,deepseek-v4-pro,event_ordering,128k,beginning,3,true,false
204,primary_accuracy,us-east-1,deepseek-v4-long-context-retrieval-v1.1.0:deepseek-v4-pro:event_ordering:128k:end:r1,deepseek-v4-pro,event_ordering,128k,end,1,true,false
205,primary_accuracy,us-east-1,deepseek-v4-long-context-retrieval-v1.1.0:deepseek-v4-pro:event_ordering:128k:end:r2,deepseek-v4-pro,event_ordering,128k,end,2,true,false
206,primary_accuracy,us-east-1,deepseek-v4-long-context-retrieval-v1.1.0:deepseek-v4-pro:event_ordering:128k:end:r3,deepseek-v4-pro,event_ordering,128k,end,3,true,false
207,primary_accuracy,us-east-1,deepseek-v4-long-context-retrieval-v1.1.0:deepseek-v4-pro:event_ordering:128k:middle:r1,deepseek-v4-pro,event_ordering,128k,middle,1,true,false
208,primary_accuracy,us-east-1,deepseek-v4-long-context-retrieval-v1.1.0:deepseek-v4-pro:event_ordering:128k:middle:r2,deepseek-v4-pro,event_ordering,128k,middle,2,true,false
209,primary_accuracy,us-east-1,deepseek-v4-long-context-retrieval-v1.1.0:deepseek-v4-pro:event_ordering:128k:middle:r3,deepseek-v4-pro,event_ordering,128k,middle,3,true,false
210,primary_accuracy,us-east-1,deepseek-v4-long-context-retrieval-v1.1.0:deepseek-v4-pro:event_ordering:32k:beginning:r1,deepseek-v4-pro,event_ordering,32k,beginning,1,true,false
211,primary_accuracy,us-east-1,deepseek-v4-long-context-retrieval-v1.1.0:deepseek-v4-pro:event_ordering:32k:beginning:r2,deepseek-v4-pro,event_ordering,32k,beginning,2,true,false
212,primary_accuracy,us-east-1,deepseek-v4-long-context-retrieval-v1.1.0:deepseek-v4-pro:event_ordering:32k:beginning:r3,deepseek-v4-pro,event_ordering,32k,beginning,3,true,false
213,primary_accuracy,us-east-1,deepseek-v4-long-context-retrieval-v1.1.0:deepseek-v4-pro:event_ordering:32k:end:r1,deepseek-v4-pro,event_ordering,32k,end,1,true,false
214,primary_accuracy,us-east-1,deepseek-v4-long-context-retrieval-v1.1.0:deepseek-v4-pro:event_ordering:32k:end:r2,deepseek-v4-pro,event_ordering,32k,end,2,true,false
215,primary_accuracy,us-east-1,deepseek-v4-long-context-retrieval-v1.1.0:deepseek-v4-pro:event_ordering:32k:end:r3,deepseek-v4-pro,event_ordering,32k,end,3,true,false
216,primary_accuracy,us-east-1,deepseek-v4-long-context-retrieval-v1.1.0:deepseek-v4-pro:event_ordering:32k:middle:r1,deepseek-v4-pro,event_ordering,32k,middle,1,true,false
217,primary_accuracy,us-east-1,deepseek-v4-long-context-retrieval-v1.1.0:deepseek-v4-pro:event_ordering:32k:middle:r2,deepseek-v4-pro,event_ordering,32k,middle,2,true,false
218,primary_accuracy,us-east-1,deepseek-v4-long-context-retrieval-v1.1.0:deepseek-v4-pro:event_ordering:32k:middle:r3,deepseek-v4-pro,event_ordering,32k,middle,3,true,false
219,primary_accuracy,us-east-1,deepseek-v4-long-context-retrieval-v1.1.0:deepseek-v4-pro:event_ordering:512k:beginning:r1,deepseek-v4-pro,event_ordering,512k,beginning,1,true,false
220,primary_accuracy,us-east-1,deepseek-v4-long-context-retrieval-v1.1.0:deepseek-v4-pro:event_ordering:512k:beginning:r2,deepseek-v4-pro,event_ordering,512k,beginning,2,true,false
221,primary_accuracy,us-east-1,deepseek-v4-long-context-retrieval-v1.1.0:deepseek-v4-pro:event_ordering:512k:beginning:r3,deepseek-v4-pro,event_ordering,512k,beginning,3,true,false
222,primary_accuracy,us-east-1,deepseek-v4-long-context-retrieval-v1.1.0:deepseek-v4-pro:event_ordering:512k:end:r1,deepseek-v4-pro,event_ordering,512k,end,1,true,false
223,primary_accuracy,us-east-1,deepseek-v4-long-context-retrieval-v1.1.0:deepseek-v4-pro:event_ordering:512k:end:r2,deepseek-v4-pro,event_ordering,512k,end,2,true,false
224,primary_accuracy,us-east-1,deepseek-v4-long-context-retrieval-v1.1.0:deepseek-v4-pro:event_ordering:512k:end:r3,deepseek-v4-pro,event_ordering,512k,end,3,true,false
225,primary_accuracy,us-east-1,deepseek-v4-long-context-retrieval-v1.1.0:deepseek-v4-pro:event_ordering:512k:middle:r1,deepseek-v4-pro,event_ordering,512k,middle,1,true,false
226,primary_accuracy,us-east-1,deepseek-v4-long-context-retrieval-v1.1.0:deepseek-v4-pro:event_ordering:512k:middle:r2,deepseek-v4-pro,event_ordering,512k,middle,2,true,false
227,primary_accuracy,us-east-1,deepseek-v4-long-context-retrieval-v1.1.0:deepseek-v4-pro:event_ordering:512k:middle:r3,deepseek-v4-pro,event_ordering,512k,middle,3,true,false
228,primary_accuracy,us-east-1,deepseek-v4-long-context-retrieval-v1.1.0:deepseek-v4-pro:event_ordering:950k:beginning:r1,deepseek-v4-pro,event_ordering,950k,beginning,1,true,false
229,primary_accuracy,us-east-1,deepseek-v4-long-context-retrieval-v1.1.0:deepseek-v4-pro:event_ordering:950k:beginning:r2,deepseek-v4-pro,event_ordering,950k,beginning,2,true,false
230,primary_accuracy,us-east-1,deepseek-v4-long-context-retrieval-v1.1.0:deepseek-v4-pro:event_ordering:950k:beginning:r3,deepseek-v4-pro,event_ordering,950k,beginning,3,true,false
231,primary_accuracy,us-east-1,deepseek-v4-long-context-retrieval-v1.1.0:deepseek-v4-pro:event_ordering:950k:end:r1,deepseek-v4-pro,event_ordering,950k,end,1,true,false
232,primary_accuracy,us-east-1,deepseek-v4-long-context-retrieval-v1.1.0:deepseek-v4-pro:event_ordering:950k:end:r2,deepseek-v4-pro,event_ordering,950k,end,2,true,false
233,primary_accuracy,us-east-1,deepseek-v4-long-context-retrieval-v1.1.0:deepseek-v4-pro:event_ordering:950k:end:r3,deepseek-v4-pro,event_ordering,950k,end,3,true,false
234,primary_accuracy,us-east-1,deepseek-v4-long-context-retrieval-v1.1.0:deepseek-v4-pro:event_ordering:950k:middle:r1,deepseek-v4-pro,event_ordering,950k,middle,1,true,false
235,primary_accuracy,us-east-1,deepseek-v4-long-context-retrieval-v1.1.0:deepseek-v4-pro:event_ordering:950k:middle:r2,deepseek-v4-pro,event_ordering,950k,middle,2,true,false
236,primary_accuracy,us-east-1,deepseek-v4-long-context-retrieval-v1.1.0:deepseek-v4-pro:event_ordering:950k:middle:r3,deepseek-v4-pro,event_ordering,950k,middle,3,true,false
237,primary_accuracy,us-east-1,deepseek-v4-long-context-retrieval-v1.1.0:deepseek-v4-pro:latest_version:128k:beginning:r1,deepseek-v4-pro,latest_version,128k,beginning,1,true,false
238,primary_accuracy,us-east-1,deepseek-v4-long-context-retrieval-v1.1.0:deepseek-v4-pro:latest_version:128k:beginning:r2,deepseek-v4-pro,latest_version,128k,beginning,2,true,false
239,primary_accuracy,us-east-1,deepseek-v4-long-context-retrieval-v1.1.0:deepseek-v4-pro:latest_version:128k:beginning:r3,deepseek-v4-pro,latest_version,128k,beginning,3,true,false
240,primary_accuracy,us-east-1,deepseek-v4-long-context-retrieval-v1.1.0:deepseek-v4-pro:latest_version:128k:end:r1,deepseek-v4-pro,latest_version,128k,end,1,true,false
241,primary_accuracy,us-east-1,deepseek-v4-long-context-retrieval-v1.1.0:deepseek-v4-pro:latest_version:128k:end:r2,deepseek-v4-pro,latest_version,128k,end,2,true,false
242,primary_accuracy,us-east-1,deepseek-v4-long-context-retrieval-v1.1.0:deepseek-v4-pro:latest_version:128k:end:r3,deepseek-v4-pro,latest_version,128k,end,3,true,false
243,primary_accuracy,us-east-1,deepseek-v4-long-context-retrieval-v1.1.0:deepseek-v4-pro:latest_version:128k:middle:r1,deepseek-v4-pro,latest_version,128k,middle,1,true,false
244,primary_accuracy,us-east-1,deepseek-v4-long-context-retrieval-v1.1.0:deepseek-v4-pro:latest_version:128k:middle:r2,deepseek-v4-pro,latest_version,128k,middle,2,true,false
245,primary_accuracy,us-east-1,deepseek-v4-long-context-retrieval-v1.1.0:deepseek-v4-pro:latest_version:128k:middle:r3,deepseek-v4-pro,latest_version,128k,middle,3,true,false
246,primary_accuracy,us-east-1,deepseek-v4-long-context-retrieval-v1.1.0:deepseek-v4-pro:latest_version:32k:beginning:r1,deepseek-v4-pro,latest_version,32k,beginning,1,true,false
247,primary_accuracy,us-east-1,deepseek-v4-long-context-retrieval-v1.1.0:deepseek-v4-pro:latest_version:32k:beginning:r2,deepseek-v4-pro,latest_version,32k,beginning,2,true,false
248,primary_accuracy,us-east-1,deepseek-v4-long-context-retrieval-v1.1.0:deepseek-v4-pro:latest_version:32k:beginning:r3,deepseek-v4-pro,latest_version,32k,beginning,3,true,false
249,primary_accuracy,us-east-1,deepseek-v4-long-context-retrieval-v1.1.0:deepseek-v4-pro:latest_version:32k:end:r1,deepseek-v4-pro,latest_version,32k,end,1,true,false
250,primary_accuracy,us-east-1,deepseek-v4-long-context-retrieval-v1.1.0:deepseek-v4-pro:latest_version:32k:end:r2,deepseek-v4-pro,latest_version,32k,end,2,true,false
251,primary_accuracy,us-east-1,deepseek-v4-long-context-retrieval-v1.1.0:deepseek-v4-pro:latest_version:32k:end:r3,deepseek-v4-pro,latest_version,32k,end,3,true,false
252,primary_accuracy,us-east-1,deepseek-v4-long-context-retrieval-v1.1.0:deepseek-v4-pro:latest_version:32k:middle:r1,deepseek-v4-pro,latest_version,32k,middle,1,true,false
253,primary_accuracy,us-east-1,deepseek-v4-long-context-retrieval-v1.1.0:deepseek-v4-pro:latest_version:32k:middle:r2,deepseek-v4-pro,latest_version,32k,middle,2,true,false
254,primary_accuracy,us-east-1,deepseek-v4-long-context-retrieval-v1.1.0:deepseek-v4-pro:latest_version:32k:middle:r3,deepseek-v4-pro,latest_version,32k,middle,3,true,false
255,primary_accuracy,us-east-1,deepseek-v4-long-context-retrieval-v1.1.0:deepseek-v4-pro:latest_version:512k:beginning:r1,deepseek-v4-pro,latest_version,512k,beginning,1,true,false
256,primary_accuracy,us-east-1,deepseek-v4-long-context-retrieval-v1.1.0:deepseek-v4-pro:latest_version:512k:beginning:r2,deepseek-v4-pro,latest_version,512k,beginning,2,true,false
257,primary_accuracy,us-east-1,deepseek-v4-long-context-retrieval-v1.1.0:deepseek-v4-pro:latest_version:512k:beginning:r3,deepseek-v4-pro,latest_version,512k,beginning,3,true,false
258,primary_accuracy,us-east-1,deepseek-v4-long-context-retrieval-v1.1.0:deepseek-v4-pro:latest_version:512k:end:r1,deepseek-v4-pro,latest_version,512k,end,1,true,false
259,primary_accuracy,us-east-1,deepseek-v4-long-context-retrieval-v1.1.0:deepseek-v4-pro:latest_version:512k:end:r2,deepseek-v4-pro,latest_version,512k,end,2,true,false
260,primary_accuracy,us-east-1,deepseek-v4-long-context-retrieval-v1.1.0:deepseek-v4-pro:latest_version:512k:end:r3,deepseek-v4-pro,latest_version,512k,end,3,true,false
261,primary_accuracy,us-east-1,deepseek-v4-long-context-retrieval-v1.1.0:deepseek-v4-pro:latest_version:512k:middle:r1,deepseek-v4-pro,latest_version,512k,middle,1,true,false
262,primary_accuracy,us-east-1,deepseek-v4-long-context-retrieval-v1.1.0:deepseek-v4-pro:latest_version:512k:middle:r2,deepseek-v4-pro,latest_version,512k,middle,2,true,false
263,primary_accuracy,us-east-1,deepseek-v4-long-context-retrieval-v1.1.0:deepseek-v4-pro:latest_version:512k:middle:r3,deepseek-v4-pro,latest_version,512k,middle,3,true,false
264,primary_accuracy,us-east-1,deepseek-v4-long-context-retrieval-v1.1.0:deepseek-v4-pro:latest_version:950k:beginning:r1,deepseek-v4-pro,latest_version,950k,beginning,1,true,false
265,primary_accuracy,us-east-1,deepseek-v4-long-context-retrieval-v1.1.0:deepseek-v4-pro:latest_version:950k:beginning:r2,deepseek-v4-pro,latest_version,950k,beginning,2,true,false
266,primary_accuracy,us-east-1,deepseek-v4-long-context-retrieval-v1.1.0:deepseek-v4-pro:latest_version:950k:beginning:r3,deepseek-v4-pro,latest_version,950k,beginning,3,true,false
267,primary_accuracy,us-east-1,deepseek-v4-long-context-retrieval-v1.1.0:deepseek-v4-pro:latest_version:950k:end:r1,deepseek-v4-pro,latest_version,950k,end,1,true,false
268,primary_accuracy,us-east-1,deepseek-v4-long-context-retrieval-v1.1.0:deepseek-v4-pro:latest_version:950k:end:r2,deepseek-v4-pro,latest_version,950k,end,2,true,false
269,primary_accuracy,us-east-1,deepseek-v4-long-context-retrieval-v1.1.0:deepseek-v4-pro:latest_version:950k:end:r3,deepseek-v4-pro,latest_version,950k,end,3,true,false
270,primary_accuracy,us-east-1,deepseek-v4-long-context-retrieval-v1.1.0:deepseek-v4-pro:latest_version:950k:middle:r1,deepseek-v4-pro,latest_version,950k,middle,1,true,false
271,primary_accuracy,us-east-1,deepseek-v4-long-context-retrieval-v1.1.0:deepseek-v4-pro:latest_version:950k:middle:r2,deepseek-v4-pro,latest_version,950k,middle,2,true,false
272,primary_accuracy,us-east-1,deepseek-v4-long-context-retrieval-v1.1.0:deepseek-v4-pro:latest_version:950k:middle:r3,deepseek-v4-pro,latest_version,950k,middle,3,true,false
273,primary_accuracy,us-east-1,deepseek-v4-long-context-retrieval-v1.1.0:deepseek-v4-pro:multi_hop_join:128k:beginning:r1,deepseek-v4-pro,multi_hop_join,128k,beginning,1,true,false
274,primary_accuracy,us-east-1,deepseek-v4-long-context-retrieval-v1.1.0:deepseek-v4-pro:multi_hop_join:128k:beginning:r2,deepseek-v4-pro,multi_hop_join,128k,beginning,2,true,false
275,primary_accuracy,us-east-1,deepseek-v4-long-context-retrieval-v1.1.0:deepseek-v4-pro:multi_hop_join:128k:beginning:r3,deepseek-v4-pro,multi_hop_join,128k,beginning,3,true,false
276,primary_accuracy,us-east-1,deepseek-v4-long-context-retrieval-v1.1.0:deepseek-v4-pro:multi_hop_join:128k:end:r1,deepseek-v4-pro,multi_hop_join,128k,end,1,true,false
277,primary_accuracy,us-east-1,deepseek-v4-long-context-retrieval-v1.1.0:deepseek-v4-pro:multi_hop_join:128k:end:r2,deepseek-v4-pro,multi_hop_join,128k,end,2,true,false
278,primary_accuracy,us-east-1,deepseek-v4-long-context-retrieval-v1.1.0:deepseek-v4-pro:multi_hop_join:128k:end:r3,deepseek-v4-pro,multi_hop_join,128k,end,3,true,false
279,primary_accuracy,us-east-1,deepseek-v4-long-context-retrieval-v1.1.0:deepseek-v4-pro:multi_hop_join:128k:middle:r1,deepseek-v4-pro,multi_hop_join,128k,middle,1,true,false
280,primary_accuracy,us-east-1,deepseek-v4-long-context-retrieval-v1.1.0:deepseek-v4-pro:multi_hop_join:128k:middle:r2,deepseek-v4-pro,multi_hop_join,128k,middle,2,true,false
281,primary_accuracy,us-east-1,deepseek-v4-long-context-retrieval-v1.1.0:deepseek-v4-pro:multi_hop_join:128k:middle:r3,deepseek-v4-pro,multi_hop_join,128k,middle,3,true,false
282,primary_accuracy,us-east-1,deepseek-v4-long-context-retrieval-v1.1.0:deepseek-v4-pro:multi_hop_join:32k:beginning:r1,deepseek-v4-pro,multi_hop_join,32k,beginning,1,true,false
283,primary_accuracy,us-east-1,deepseek-v4-long-context-retrieval-v1.1.0:deepseek-v4-pro:multi_hop_join:32k:beginning:r2,deepseek-v4-pro,multi_hop_join,32k,beginning,2,true,false
284,primary_accuracy,us-east-1,deepseek-v4-long-context-retrieval-v1.1.0:deepseek-v4-pro:multi_hop_join:32k:beginning:r3,deepseek-v4-pro,multi_hop_join,32k,beginning,3,true,false
285,primary_accuracy,us-east-1,deepseek-v4-long-context-retrieval-v1.1.0:deepseek-v4-pro:multi_hop_join:32k:end:r1,deepseek-v4-pro,multi_hop_join,32k,end,1,true,false
286,primary_accuracy,us-east-1,deepseek-v4-long-context-retrieval-v1.1.0:deepseek-v4-pro:multi_hop_join:32k:end:r2,deepseek-v4-pro,multi_hop_join,32k,end,2,true,false
287,primary_accuracy,us-east-1,deepseek-v4-long-context-retrieval-v1.1.0:deepseek-v4-pro:multi_hop_join:32k:end:r3,deepseek-v4-pro,multi_hop_join,32k,end,3,true,false
288,primary_accuracy,us-east-1,deepseek-v4-long-context-retrieval-v1.1.0:deepseek-v4-pro:multi_hop_join:32k:middle:r1,deepseek-v4-pro,multi_hop_join,32k,middle,1,true,false
289,primary_accuracy,us-east-1,deepseek-v4-long-context-retrieval-v1.1.0:deepseek-v4-pro:multi_hop_join:32k:middle:r2,deepseek-v4-pro,multi_hop_join,32k,middle,2,true,false
290,primary_accuracy,us-east-1,deepseek-v4-long-context-retrieval-v1.1.0:deepseek-v4-pro:multi_hop_join:32k:middle:r3,deepseek-v4-pro,multi_hop_join,32k,middle,3,true,false
291,primary_accuracy,us-east-1,deepseek-v4-long-context-retrieval-v1.1.0:deepseek-v4-pro:multi_hop_join:512k:beginning:r1,deepseek-v4-pro,multi_hop_join,512k,beginning,1,true,false
292,primary_accuracy,us-east-1,deepseek-v4-long-context-retrieval-v1.1.0:deepseek-v4-pro:multi_hop_join:512k:beginning:r2,deepseek-v4-pro,multi_hop_join,512k,beginning,2,true,false
293,primary_accuracy,us-east-1,deepseek-v4-long-context-retrieval-v1.1.0:deepseek-v4-pro:multi_hop_join:512k:beginning:r3,deepseek-v4-pro,multi_hop_join,512k,beginning,3,true,false
294,primary_accuracy,us-east-1,deepseek-v4-long-context-retrieval-v1.1.0:deepseek-v4-pro:multi_hop_join:512k:end:r1,deepseek-v4-pro,multi_hop_join,512k,end,1,true,false
295,primary_accuracy,us-east-1,deepseek-v4-long-context-retrieval-v1.1.0:deepseek-v4-pro:multi_hop_join:512k:end:r2,deepseek-v4-pro,multi_hop_join,512k,end,2,true,false
296,primary_accuracy,us-east-1,deepseek-v4-long-context-retrieval-v1.1.0:deepseek-v4-pro:multi_hop_join:512k:end:r3,deepseek-v4-pro,multi_hop_join,512k,end,3,true,false
297,primary_accuracy,us-east-1,deepseek-v4-long-context-retrieval-v1.1.0:deepseek-v4-pro:multi_hop_join:512k:middle:r1,deepseek-v4-pro,multi_hop_join,512k,middle,1,true,false
298,primary_accuracy,us-east-1,deepseek-v4-long-context-retrieval-v1.1.0:deepseek-v4-pro:multi_hop_join:512k:middle:r2,deepseek-v4-pro,multi_hop_join,512k,middle,2,true,false
299,primary_accuracy,us-east-1,deepseek-v4-long-context-retrieval-v1.1.0:deepseek-v4-pro:multi_hop_join:512k:middle:r3,deepseek-v4-pro,multi_hop_join,512k,middle,3,true,false
300,primary_accuracy,us-east-1,deepseek-v4-long-context-retrieval-v1.1.0:deepseek-v4-pro:multi_hop_join:950k:beginning:r1,deepseek-v4-pro,multi_hop_join,950k,beginning,1,true,false
301,primary_accuracy,us-east-1,deepseek-v4-long-context-retrieval-v1.1.0:deepseek-v4-pro:multi_hop_join:950k:beginning:r2,deepseek-v4-pro,multi_hop_join,950k,beginning,2,true,false
302,primary_accuracy,us-east-1,deepseek-v4-long-context-retrieval-v1.1.0:deepseek-v4-pro:multi_hop_join:950k:beginning:r3,deepseek-v4-pro,multi_hop_join,950k,beginning,3,true,false
303,primary_accuracy,us-east-1,deepseek-v4-long-context-retrieval-v1.1.0:deepseek-v4-pro:multi_hop_join:950k:end:r1,deepseek-v4-pro,multi_hop_join,950k,end,1,true,false
304,primary_accuracy,us-east-1,deepseek-v4-long-context-retrieval-v1.1.0:deepseek-v4-pro:multi_hop_join:950k:end:r2,deepseek-v4-pro,multi_hop_join,950k,end,2,true,false
305,primary_accuracy,us-east-1,deepseek-v4-long-context-retrieval-v1.1.0:deepseek-v4-pro:multi_hop_join:950k:end:r3,deepseek-v4-pro,multi_hop_join,950k,end,3,true,false
306,primary_accuracy,us-east-1,deepseek-v4-long-context-retrieval-v1.1.0:deepseek-v4-pro:multi_hop_join:950k:middle:r1,deepseek-v4-pro,multi_hop_join,950k,middle,1,true,false
307,primary_accuracy,us-east-1,deepseek-v4-long-context-retrieval-v1.1.0:deepseek-v4-pro:multi_hop_join:950k:middle:r2,deepseek-v4-pro,multi_hop_join,950k,middle,2,true,false
308,primary_accuracy,us-east-1,deepseek-v4-long-context-retrieval-v1.1.0:deepseek-v4-pro:multi_hop_join:950k:middle:r3,deepseek-v4-pro,multi_hop_join,950k,middle,3,true,false
309,primary_accuracy,us-east-1,deepseek-v4-long-context-retrieval-v1.1.0:deepseek-v4-pro:single_record:128k:beginning:r1,deepseek-v4-pro,single_record,128k,beginning,1,true,false
310,primary_accuracy,us-east-1,deepseek-v4-long-context-retrieval-v1.1.0:deepseek-v4-pro:single_record:128k:beginning:r2,deepseek-v4-pro,single_record,128k,beginning,2,true,false
311,primary_accuracy,us-east-1,deepseek-v4-long-context-retrieval-v1.1.0:deepseek-v4-pro:single_record:128k:beginning:r3,deepseek-v4-pro,single_record,128k,beginning,3,true,false
312,primary_accuracy,us-east-1,deepseek-v4-long-context-retrieval-v1.1.0:deepseek-v4-pro:single_record:128k:end:r1,deepseek-v4-pro,single_record,128k,end,1,true,false
313,primary_accuracy,us-east-1,deepseek-v4-long-context-retrieval-v1.1.0:deepseek-v4-pro:single_record:128k:end:r2,deepseek-v4-pro,single_record,128k,end,2,true,false
314,primary_accuracy,us-east-1,deepseek-v4-long-context-retrieval-v1.1.0:deepseek-v4-pro:single_record:128k:end:r3,deepseek-v4-pro,single_record,128k,end,3,true,false
315,primary_accuracy,us-east-1,deepseek-v4-long-context-retrieval-v1.1.0:deepseek-v4-pro:single_record:128k:middle:r1,deepseek-v4-pro,single_record,128k,middle,1,true,false
316,primary_accuracy,us-east-1,deepseek-v4-long-context-retrieval-v1.1.0:deepseek-v4-pro:single_record:128k:middle:r2,deepseek-v4-pro,single_record,128k,middle,2,true,false
317,primary_accuracy,us-east-1,deepseek-v4-long-context-retrieval-v1.1.0:deepseek-v4-pro:single_record:128k:middle:r3,deepseek-v4-pro,single_record,128k,middle,3,true,false
318,primary_accuracy,us-east-1,deepseek-v4-long-context-retrieval-v1.1.0:deepseek-v4-pro:single_record:32k:beginning:r1,deepseek-v4-pro,single_record,32k,beginning,1,true,false
319,primary_accuracy,us-east-1,deepseek-v4-long-context-retrieval-v1.1.0:deepseek-v4-pro:single_record:32k:beginning:r2,deepseek-v4-pro,single_record,32k,beginning,2,true,false
320,primary_accuracy,us-east-1,deepseek-v4-long-context-retrieval-v1.1.0:deepseek-v4-pro:single_record:32k:beginning:r3,deepseek-v4-pro,single_record,32k,beginning,3,true,false
321,primary_accuracy,us-east-1,deepseek-v4-long-context-retrieval-v1.1.0:deepseek-v4-pro:single_record:32k:end:r1,deepseek-v4-pro,single_record,32k,end,1,true,false
322,primary_accuracy,us-east-1,deepseek-v4-long-context-retrieval-v1.1.0:deepseek-v4-pro:single_record:32k:end:r2,deepseek-v4-pro,single_record,32k,end,2,true,false
323,primary_accuracy,us-east-1,deepseek-v4-long-context-retrieval-v1.1.0:deepseek-v4-pro:single_record:32k:end:r3,deepseek-v4-pro,single_record,32k,end,3,true,false
324,primary_accuracy,us-east-1,deepseek-v4-long-context-retrieval-v1.1.0:deepseek-v4-pro:single_record:32k:middle:r1,deepseek-v4-pro,single_record,32k,middle,1,true,false
325,primary_accuracy,us-east-1,deepseek-v4-long-context-retrieval-v1.1.0:deepseek-v4-pro:single_record:32k:middle:r2,deepseek-v4-pro,single_record,32k,middle,2,true,false
326,primary_accuracy,us-east-1,deepseek-v4-long-context-retrieval-v1.1.0:deepseek-v4-pro:single_record:32k:middle:r3,deepseek-v4-pro,single_record,32k,middle,3,true,false
327,primary_accuracy,us-east-1,deepseek-v4-long-context-retrieval-v1.1.0:deepseek-v4-pro:single_record:512k:beginning:r1,deepseek-v4-pro,single_record,512k,beginning,1,true,false
328,primary_accuracy,us-east-1,deepseek-v4-long-context-retrieval-v1.1.0:deepseek-v4-pro:single_record:512k:beginning:r2,deepseek-v4-pro,single_record,512k,beginning,2,true,false
329,primary_accuracy,us-east-1,deepseek-v4-long-context-retrieval-v1.1.0:deepseek-v4-pro:single_record:512k:beginning:r3,deepseek-v4-pro,single_record,512k,beginning,3,true,false
330,primary_accuracy,us-east-1,deepseek-v4-long-context-retrieval-v1.1.0:deepseek-v4-pro:single_record:512k:end:r1,deepseek-v4-pro,single_record,512k,end,1,true,false
331,primary_accuracy,us-east-1,deepseek-v4-long-context-retrieval-v1.1.0:deepseek-v4-pro:single_record:512k:end:r2,deepseek-v4-pro,single_record,512k,end,2,true,false
332,primary_accuracy,us-east-1,deepseek-v4-long-context-retrieval-v1.1.0:deepseek-v4-pro:single_record:512k:end:r3,deepseek-v4-pro,single_record,512k,end,3,true,false
333,primary_accuracy,us-east-1,deepseek-v4-long-context-retrieval-v1.1.0:deepseek-v4-pro:single_record:512k:middle:r1,deepseek-v4-pro,single_record,512k,middle,1,true,false
334,primary_accuracy,us-east-1,deepseek-v4-long-context-retrieval-v1.1.0:deepseek-v4-pro:single_record:512k:middle:r2,deepseek-v4-pro,single_record,512k,middle,2,true,false
335,primary_accuracy,us-east-1,deepseek-v4-long-context-retrieval-v1.1.0:deepseek-v4-pro:single_record:512k:middle:r3,deepseek-v4-pro,single_record,512k,middle,3,true,false
336,primary_accuracy,us-east-1,deepseek-v4-long-context-retrieval-v1.1.0:deepseek-v4-pro:single_record:950k:beginning:r1,deepseek-v4-pro,single_record,950k,beginning,1,true,false
337,primary_accuracy,us-east-1,deepseek-v4-long-context-retrieval-v1.1.0:deepseek-v4-pro:single_record:950k:beginning:r2,deepseek-v4-pro,single_record,950k,beginning,2,true,false
338,primary_accuracy,us-east-1,deepseek-v4-long-context-retrieval-v1.1.0:deepseek-v4-pro:single_record:950k:beginning:r3,deepseek-v4-pro,single_record,950k,beginning,3,true,false
339,primary_accuracy,us-east-1,deepseek-v4-long-context-retrieval-v1.1.0:deepseek-v4-pro:single_record:950k:end:r1,deepseek-v4-pro,single_record,950k,end,1,true,false
340,primary_accuracy,us-east-1,deepseek-v4-long-context-retrieval-v1.1.0:deepseek-v4-pro:single_record:950k:end:r2,deepseek-v4-pro,single_record,950k,end,2,true,false
341,primary_accuracy,us-east-1,deepseek-v4-long-context-retrieval-v1.1.0:deepseek-v4-pro:single_record:950k:end:r3,deepseek-v4-pro,single_record,950k,end,3,true,false
342,primary_accuracy,us-east-1,deepseek-v4-long-context-retrieval-v1.1.0:deepseek-v4-pro:single_record:950k:middle:r1,deepseek-v4-pro,single_record,950k,middle,1,true,false
343,primary_accuracy,us-east-1,deepseek-v4-long-context-retrieval-v1.1.0:deepseek-v4-pro:single_record:950k:middle:r2,deepseek-v4-pro,single_record,950k,middle,2,true,false
344,primary_accuracy,us-east-1,deepseek-v4-long-context-retrieval-v1.1.0:deepseek-v4-pro:single_record:950k:middle:r3,deepseek-v4-pro,single_record,950k,middle,3,true,false
